                              | PREDICT__________________________________________| 
MM/DD/YYYY HH/MM/SS    DATA   | ENERGY          RMSE_E          RMSE_F           | ENERGY           | 
------------------------------------------------------------------------------------------------------
12/14/2025 23:31:26    0      | -17660.07617    0.007818897255  0.03433645517    | -17660.06836    
12/14/2025 23:31:26    1      | -17660.37109    0.005867902189  0.03149853647    | -17660.37695    
12/14/2025 23:31:26    2      | -17660.25195    0.005867902189  0.03017707914    | -17660.25781    
12/14/2025 23:31:27    3      | -17660.64062    0.009770743549  0.02760921791    | -17660.65039    
12/14/2025 23:31:27    4      | -17659.98438    0.003919029143  0.03666293994    | -17659.98828    
12/14/2025 23:31:27    5      | -17660.19922    0.005867902189  0.02889261395    | -17660.20508    
12/14/2025 23:31:28    6      | -17660.69531    0.005867902189  0.02406761795    | -17660.70117    
12/14/2025 23:31:28    7      | -17660.63086    0.005867902189  0.02960556932    | -17660.63672    
12/14/2025 23:31:28    8      | -17660.39258    0.01367553137   0.03285191208    | -17660.40625    
12/14/2025 23:31:28    9      | -17660.39648    0.02539259382   0.03326064348    | -17660.42188    
12/14/2025 23:31:28    10     | -17660.36133    0.003919029143  0.030763207      | -17660.35742    
12/14/2025 23:31:28    11     | -17660.63281    0.003919029143  0.02819307335    | -17660.62891    
12/14/2025 23:31:28    12     | -17660.54688    0.01758096926   0.02849367261    | -17660.5293     
12/14/2025 23:31:28    13     | -17660.39062    0.005867902189  0.03611017019    | -17660.38477    
12/14/2025 23:31:28    14     | -17660.30273    0.01367553137   0.03564132378    | -17660.28906    
12/14/2025 23:31:28    15     | -17660.42383    0.005867902189  0.02998462878    | -17660.41797    
12/14/2025 23:31:28    16     | -17660.4082     0.005867902189  0.0233590398     | -17660.40234    
12/14/2025 23:31:28    17     | -17660.23438    0.00197855942   0.03801545873    | -17660.23633    
12/14/2025 23:31:28    18     | -17660.61328    0.005867902189  0.03314374387    | -17660.61914    
12/14/2025 23:31:28    19     | -17660.44531    0.01172301546   0.03188177571    | -17660.45703    
12/14/2025 23:31:28    20     | -17660.46289    0.0003162277571 0.02601505257    | -17660.46289    
12/14/2025 23:31:28    21     | -17660.49219    0.02539259382   0.02527613938    | -17660.4668     
12/14/2025 23:31:28    22     | -17660.60938    0.005867902189  0.02540905401    | -17660.60352    
12/14/2025 23:31:28    23     | -17660.33008    0.01758096926   0.02528596856    | -17660.3125     
12/14/2025 23:31:28    24     | -17660.38477    0.007818897255  0.02967336588    | -17660.39258    
12/14/2025 23:31:28    25     | -17660.13867    0.04687606543   0.03257983923    | -17660.18555    
12/14/2025 23:31:28    26     | -17660.38867    0.01367553137   0.04425890371    | -17660.40234    
12/14/2025 23:31:28    27     | -17660.28906    0.02343963273   0.03722634539    | -17660.3125     
12/14/2025 23:31:28    28     | -17660.33398    0.02343963273   0.03521173447    | -17660.35742    
12/14/2025 23:31:28    29     | -17660.35156    0.005867902189  0.03760626912    | -17660.3457     
12/14/2025 23:31:28    30     | -17660.55273    0.0003162277571 0.03400113434    | -17660.55273    
12/14/2025 23:31:28    31     | -17660.36523    0.0390637815    0.02789435349    | -17660.4043     
12/14/2025 23:31:28    32     | -17660.35547    0.02343963273   0.02849792689    | -17660.37891    
12/14/2025 23:31:28    33     | -17660.55469    0.009770743549  0.05286245421    | -17660.54492    
12/14/2025 23:31:28    34     | -17660.37109    0.02929858118   0.03689151257    | -17660.40039    
12/14/2025 23:31:28    35     | -17660.50781    0.005867902189  0.03496409208    | -17660.51367    
12/14/2025 23:31:28    36     | -17660.30859    0.01172301546   0.0249977652     | -17660.32031    
12/14/2025 23:31:28    37     | -17660.27539    0.02148670144   0.04004654288    | -17660.29688    
12/14/2025 23:31:28    38     | -17660.37891    0.01367553137   0.0267985221     | -17660.39258    
12/14/2025 23:31:29    39     | -17660.38086    0.00197855942   0.03344094008    | -17660.38281    
12/14/2025 23:31:29    40     | -17660.54297    0.02343963273   0.03279690817    | -17660.56641    
12/14/2025 23:31:29    41     | -17660.49023    0.01758096926   0.03910434246    | -17660.50781    
12/14/2025 23:31:29    42     | -17660.11914    0.01172301546   0.04282800481    | -17660.13086    
12/14/2025 23:31:29    43     | -17660.37305    0.00197855942   0.03086861223    | -17660.37109    
12/14/2025 23:31:29    44     | -17660.50195    0.01758096926   0.02835162915    | -17660.51953    
12/14/2025 23:31:29    45     | -17660.50586    0.03515767306   0.03567073122    | -17660.54102    
12/14/2025 23:31:29    46     | -17660.39258    0.00197855942   0.04509378597    | -17660.39453    
12/14/2025 23:31:29    47     | -17660.63672    0.01758096926   0.02905666456    | -17660.6543     
12/14/2025 23:31:29    48     | -17660.2832     0.007818897255  0.03749827668    | -17660.29102    
12/14/2025 23:31:29    49     | -17660.23047    0.00197855942   0.02992794104    | -17660.23242    
12/14/2025 23:31:29    50     | -17660.39258    0.02734557912   0.0416344814     | -17660.36523    
12/14/2025 23:31:29    51     | -17660.3457     0.01562820002   0.03022536635    | -17660.33008    
12/14/2025 23:31:29    52     | -17660.53516    0.003919029143  0.02796020731    | -17660.53125    
12/14/2025 23:31:29    53     | -17660.38281    0.007818897255  0.0299763307     | -17660.39062    
12/14/2025 23:31:29    54     | -17660.26758    0.01953380927   0.0318049714     | -17660.28711    
12/14/2025 23:31:29    55     | -17660.08984    0.01758096926   0.03219928965    | -17660.07227    
12/14/2025 23:31:29    56     | -17660.32422    0.007818897255  0.02618871816    | -17660.31641    
12/14/2025 23:31:29    57     | -17660.20703    0.0390637815    0.03575389087    | -17660.16797    
12/14/2025 23:31:29    58     | -17660.45508    0.02539259382   0.03136148304    | -17660.42969    
12/14/2025 23:31:29    59     | -17660.10156    0.02343963273   0.03533198312    | -17660.07812    
12/14/2025 23:31:29    60     | -17660.27734    0.03125159815   0.03493680432    | -17660.24609    
12/14/2025 23:31:29    61     | -17660.45508    0.009770743549  0.03762596846    | -17660.44531    
12/14/2025 23:31:29    62     | -17660.53125    0.02343963273   0.03297476843    | -17660.50781    
12/14/2025 23:31:29    63     | -17660.34375    0.005867902189  0.02752885595    | -17660.33789    
12/14/2025 23:31:29    64     | -17660.48242    0.01562820002   0.03378299624    | -17660.49805    
12/14/2025 23:31:29    65     | -17659.82617    0.0003162277571 0.05146235973    | -17659.82617    
12/14/2025 23:31:29    66     | -17660.61328    0.01953380927   0.03298135474    | -17660.63281    
12/14/2025 23:31:29    67     | -17660.34375    0.01758096926   0.03710299358    | -17660.36133    
12/14/2025 23:31:29    68     | -17660.48242    0.01367553137   0.02696316503    | -17660.46875    
12/14/2025 23:31:29    69     | -17660.5293     0.00197855942   0.02672087029    | -17660.53125    
12/14/2025 23:31:29    70     | -17660.33008    0.02148670144   0.03568931669    | -17660.35156    
12/14/2025 23:31:30    71     | -17660.2832     0.00197855942   0.03430578858    | -17660.28516    
12/14/2025 23:31:30    72     | -17660.51562    0.007818897255  0.03124658391    | -17660.52344    
12/14/2025 23:31:30    73     | -17660.15234    0.01172301546   0.03497852385    | -17660.16406    
12/14/2025 23:31:30    74     | -17660.29688    0.02343963273   0.03686681762    | -17660.32031    
12/14/2025 23:31:30    75     | -17660.36523    0.009770743549  0.03502008319    | -17660.375      
12/14/2025 23:31:30    76     | -17660.41602    0.04101684317   0.03344406188    | -17660.45703    
12/14/2025 23:31:30    77     | -17660.18359    0.06054769829   0.05333089828    | -17660.24414    
12/14/2025 23:31:30    78     | -17660.64453    0.009770743549  0.045718126      | -17660.6543     
12/14/2025 23:31:30    79     | -17660.46289    0.03125159815   0.02693662047    | -17660.49414    
12/14/2025 23:31:30    80     | -17660.26953    0.00197855942   0.03139141202    | -17660.27148    
12/14/2025 23:31:30    81     | -17660.67969    0.00197855942   0.03127038106    | -17660.68164    
12/14/2025 23:31:30    82     | -17660.61328    0.00197855942   0.02059665322    | -17660.61133    
12/14/2025 23:31:30    83     | -17660.63086    0.003919029143  0.02196117118    | -17660.62695    
12/14/2025 23:31:30    84     | -17660.54102    0.01172301546   0.03269671649    | -17660.5293     
12/14/2025 23:31:30    85     | -17660.50195    0.01172301546   0.0248289872     | -17660.51367    
12/14/2025 23:31:30    86     | -17660.52344    0.01953380927   0.03447762132    | -17660.54297    
12/14/2025 23:31:30    87     | -17660.46875    0.00197855942   0.04049810022    | -17660.4707     
12/14/2025 23:31:30    88     | -17660.44141    0.003919029143  0.03066705354    | -17660.4375     
12/14/2025 23:31:30    89     | -17660.80859    0.01172301546   0.02918530256    | -17660.82031    
12/14/2025 23:31:30    90     | -17660.36523    0.005867902189  0.04560372233    | -17660.37109    
12/14/2025 23:31:30    91     | -17660.19727    0.005867902189  0.03154901415    | -17660.19141    
12/14/2025 23:31:30    92     | -17660.45898    0.02148670144   0.02471245266    | -17660.48047    
12/14/2025 23:31:30    93     | -17660.375      0.01758096926   0.03329704702    | -17660.35742    
12/14/2025 23:31:30    94     | -17660.32617    0.01562820002   0.03220151365    | -17660.3418     
12/14/2025 23:31:30    95     | -17660.45898    0.03320463002   0.03203298897    | -17660.49219    
12/14/2025 23:31:30    96     | -17660.26562    0.0003162277571 0.03810379654    | -17660.26562    
12/14/2025 23:31:30    97     | -17660.52148    0.01953380927   0.03103202581    | -17660.54102    
12/14/2025 23:31:30    98     | -17660.45508    0.009770743549  0.03564819694    | -17660.44531    
12/14/2025 23:31:30    99     | -17660.22461    0.01367553137   0.04124489427    | -17660.21094    
12/14/2025 23:31:30    100    | -17660.2207     0.007818897255  0.03500520065    | -17660.21289    
12/14/2025 23:31:31    101    | -17660.32227    0.01953380927   0.03682782874    | -17660.3418     
12/14/2025 23:31:31    102    | -17660.23438    0.00197855942   0.03852581605    | -17660.23242    
12/14/2025 23:31:31    103    | -17660.51953    0.00197855942   0.02440535463    | -17660.52148    
12/14/2025 23:31:31    104    | -17660.27734    0.01562820002   0.03527505323    | -17660.29297    
12/14/2025 23:31:31    105    | -17660.54102    0.007818897255  0.02505137771    | -17660.54883    
12/14/2025 23:31:31    106    | -17660.39844    0.009770743549  0.03054091521    | -17660.38867    
12/14/2025 23:31:31    107    | -17660.30273    0.01367553137   0.03531337902    | -17660.31641    
12/14/2025 23:31:31    108    | -17660.18945    0.005867902189  0.04484361038    | -17660.19531    
12/14/2025 23:31:31    109    | -17660.11328    0.02148670144   0.03611591458    | -17660.13477    
12/14/2025 23:31:31    110    | -17660.20117    0.00197855942   0.02958165854    | -17660.20312    
12/14/2025 23:31:31    111    | -17660.41406    0.003919029143  0.02872149833    | -17660.41797    
12/14/2025 23:31:31    112    | -17660.56641    0.005867902189  0.03537434712    | -17660.56055    
12/14/2025 23:31:31    113    | -17660.5918     0.01367553137   0.02927026525    | -17660.57812    
12/14/2025 23:31:31    114    | -17660.60938    0.02539259382   0.02844905853    | -17660.58398    
12/14/2025 23:31:31    115    | -17660.50781    0.003919029143  0.02939858101    | -17660.50391    
12/14/2025 23:31:31    116    | -17660.43945    0.005867902189  0.03172635287    | -17660.43359    
12/14/2025 23:31:31    117    | -17660.29883    0.009770743549  0.02695034444    | -17660.28906    
12/14/2025 23:31:31    118    | -17660.31055    0.0003162277571 0.03996091709    | -17660.31055    
12/14/2025 23:31:31    119    | -17660.57227    0.01172301546   0.02636105381    | -17660.56055    
12/14/2025 23:31:31    120    | -17660.38672    0.00197855942   0.02147088572    | -17660.38477    
12/14/2025 23:31:31    121    | -17660.5625     0.00197855942   0.0277694799     | -17660.56445    
12/14/2025 23:31:31    122    | -17660.63086    0.009770743549  0.02590564638    | -17660.64062    
12/14/2025 23:31:31    123    | -17660.44922    0.01367553137   0.03306283429    | -17660.46289    
12/14/2025 23:31:31    124    | -17660.36914    0.01367553137   0.02446039021    | -17660.38281    
12/14/2025 23:31:31    125    | -17660.24219    0.02343963273   0.03913309425    | -17660.26562    
12/14/2025 23:31:31    126    | -17660.28711    0.01172301546   0.03989797458    | -17660.29883    
12/14/2025 23:31:31    127    | -17660.25195    0.005867902189  0.03450603038    | -17660.25781    
12/14/2025 23:31:31    128    | -17660.60742    0.009770743549  0.02867948823    | -17660.61719    
12/14/2025 23:31:31    129    | -17660.47852    0.003919029143  0.03245036304    | -17660.48242    
12/14/2025 23:31:31    130    | -17660.12109    0.01562820002   0.03506189585    | -17660.13672    
12/14/2025 23:31:31    131    | -17660.44922    0.009770743549  0.02621975727    | -17660.43945    
12/14/2025 23:31:31    132    | -17660.53711    0.01758096926   0.02472448535    | -17660.51953    
12/14/2025 23:31:32    133    | -17660.49023    0.009770743549  0.02976788022    | -17660.48047    
12/14/2025 23:31:32    134    | -17660.26758    0.01172301546   0.02999833599    | -17660.25586    
12/14/2025 23:31:32    135    | -17660.29297    0.01953380927   0.02936210297    | -17660.3125     
12/14/2025 23:31:32    136    | -17660.5293     0.02539259382   0.02682024799    | -17660.50391    
12/14/2025 23:31:32    137    | -17660.29688    0.007818897255  0.0306704361     | -17660.28906    
12/14/2025 23:31:32    138    | -17660.49414    0.003919029143  0.02679813839    | -17660.49023    
12/14/2025 23:31:32    139    | -17660.20117    0.01562820002   0.03238013387    | -17660.2168     
12/14/2025 23:31:32    140    | -17660.40234    0.009770743549  0.02630755119    | -17660.41211    
12/14/2025 23:31:32    141    | -17660.30469    0.005867902189  0.03258754686    | -17660.31055    
12/14/2025 23:31:32    142    | -17660.34766    0.01367553137   0.03297145292    | -17660.36133    
12/14/2025 23:31:32    143    | -17660.47656    0.0003162277571 0.02940760925    | -17660.47656    
12/14/2025 23:31:32    144    | -17660.31641    0.003919029143  0.04421098903    | -17660.3125     
12/14/2025 23:31:32    145    | -17660.27148    0.007818897255  0.02955355123    | -17660.26367    
12/14/2025 23:31:32    146    | -17660.66406    0.00197855942   0.03044481203    | -17660.66602    
12/14/2025 23:31:32    147    | -17660.5        0.0003162277571 0.02788029425    | -17660.5        
12/14/2025 23:31:32    148    | -17660.26953    0.01172301546   0.03285188973    | -17660.28125    
12/14/2025 23:31:32    149    | -17660.4707     0.01367553137   0.04301156104    | -17660.48438    
12/14/2025 23:31:32    150    | -17660.33008    0.01953380927   0.0286655426     | -17660.34961    
12/14/2025 23:31:32    151    | -17660.4043     0.009770743549  0.02374711074    | -17660.39453    
12/14/2025 23:31:32    152    | -17660.34375    0.007818897255  0.02986359783    | -17660.33594    
12/14/2025 23:31:32    153    | -17660.34766    0.007818897255  0.02753352933    | -17660.35547    
12/14/2025 23:31:32    154    | -17660.43945    0.01562820002   0.04432401061    | -17660.45508    
12/14/2025 23:31:32    155    | -17660.56055    0.01562820002   0.03173100576    | -17660.57617    
12/14/2025 23:31:32    156    | -17660.50586    0.02343963273   0.0320353508     | -17660.5293     
12/14/2025 23:31:32    157    | -17660.36523    0.005867902189  0.02325946838    | -17660.37109    
12/14/2025 23:31:32    158    | -17660.43359    0.009770743549  0.02501445077    | -17660.42383    
12/14/2025 23:31:32    159    | -17660.2793     0.01172301546   0.03461024538    | -17660.29102    
12/14/2025 23:31:32    160    | -17660.48242    0.00197855942   0.02470438741    | -17660.48047    
12/14/2025 23:31:32    161    | -17660.2832     0.01172301546   0.03222784027    | -17660.29492    
12/14/2025 23:31:32    162    | -17660.35547    0.00197855942   0.04213945195    | -17660.35742    
12/14/2025 23:31:32    163    | -17660.48242    0.01172301546   0.03372674435    | -17660.49414    
12/14/2025 23:31:32    164    | -17660.40625    0.003919029143  0.03649317101    | -17660.41016    
12/14/2025 23:31:32    165    | -17660.46875    0.005867902189  0.03897197545    | -17660.47461    
12/14/2025 23:31:33    166    | -17660.70508    0.00197855942   0.02843057737    | -17660.70703    
12/14/2025 23:31:33    167    | -17660.44141    0.00197855942   0.03081842139    | -17660.43945    
12/14/2025 23:31:33    168    | -17660.64453    0.01758096926   0.02853327617    | -17660.66211    
12/14/2025 23:31:33    169    | -17660.58398    0.00197855942   0.02762262523    | -17660.58594    
12/14/2025 23:31:33    170    | -17660.30469    0.01758096926   0.03875706717    | -17660.28711    
12/14/2025 23:31:33    171    | -17660.19336    0.01953380927   0.03091118485    | -17660.17383    
12/14/2025 23:31:33    172    | -17660.31445    0.005867902189  0.03053722903    | -17660.32031    
12/14/2025 23:31:33    173    | -17660.29102    0.01758096926   0.03501142189    | -17660.30859    
12/14/2025 23:31:33    174    | -17660.24609    0.009770743549  0.02879556641    | -17660.23633    
12/14/2025 23:31:33    175    | -17660.46484    0.007818897255  0.03003612906    | -17660.47266    
12/14/2025 23:31:33    176    | -17660.16992    0.00197855942   0.03089868277    | -17660.16797    
12/14/2025 23:31:33    177    | -17660.54102    0.003919029143  0.03315771371    | -17660.54492    
12/14/2025 23:31:33    178    | -17660.46094    0.01562820002   0.03185956553    | -17660.47656    
12/14/2025 23:31:33    179    | -17660.25195    0.02539259382   0.03864602       | -17660.27734    
12/14/2025 23:31:33    180    | -17660.3125     0.0003162277571 0.03757548332    | -17660.3125     
12/14/2025 23:31:33    181    | -17660.26758    0.02734557912   0.04127969593    | -17660.29492    
12/14/2025 23:31:33    182    | -17660.55859    0.01367553137   0.02997847646    | -17660.57227    
12/14/2025 23:31:33    183    | -17660.5        0.005867902189  0.02919471636    | -17660.50586    
12/14/2025 23:31:33    184    | -17660.33789    0.009770743549  0.03500270098    | -17660.34766    
12/14/2025 23:31:33    185    | -17660.37109    0.0003162277571 0.03617799282    | -17660.37109    
12/14/2025 23:31:33    186    | -17660.45117    0.007818897255  0.03533768281    | -17660.45898    
12/14/2025 23:31:33    187    | -17660.30078    0.03320463002   0.03532644361    | -17660.33398    
12/14/2025 23:31:33    188    | -17660.28711    0.00197855942   0.05379930884    | -17660.28516    
12/14/2025 23:31:33    189    | -17660.55078    0.02539259382   0.02777921595    | -17660.57617    
12/14/2025 23:31:33    190    | -17660.43555    0.03125159815   0.04141343758    | -17660.4668     
12/14/2025 23:31:33    191    | -17660.16016    0.003919029143  0.04795327783    | -17660.15625    
12/14/2025 23:31:33    192    | -17660.38281    0.03320463002   0.04780222103    | -17660.41602    
12/14/2025 23:31:33    193    | -17660.45117    0.0003162277571 0.03754781559    | -17660.45117    
12/14/2025 23:31:33    194    | -17660.46094    0.007818897255  0.03182293847    | -17660.46875    
12/14/2025 23:31:33    195    | -17660.6582     0.00197855942   0.02532478236    | -17660.66016    
12/14/2025 23:31:33    196    | -17660.27344    0.01562820002   0.03284794837    | -17660.25781    
12/14/2025 23:31:33    197    | -17660.59766    0.01172301546   0.03869459033    | -17660.60938    
12/14/2025 23:31:34    198    | -17660.32617    0.009770743549  0.03072470427    | -17660.33594    
12/14/2025 23:31:34    199    | -17660.26562    0.007818897255  0.03264408931    | -17660.27344    
12/14/2025 23:31:34    200    | -17660.3125     0.02343963273   0.03366221115    | -17660.33594    
12/14/2025 23:31:34    201    | -17660.63477    0.009770743549  0.02783371136    | -17660.64453    
12/14/2025 23:31:34    202    | -17660.58789    0.01562820002   0.03286510706    | -17660.60352    
12/14/2025 23:31:34    203    | -17660.55859    0.005867902189  0.04003860056    | -17660.56445    
12/14/2025 23:31:34    204    | -17660.41016    0.00197855942   0.03333330899    | -17660.4082     
12/14/2025 23:31:34    205    | -17660.40625    0.007818897255  0.03076254204    | -17660.41406    
12/14/2025 23:31:34    206    | -17660.42578    0.003919029143  0.02512808517    | -17660.42188    
12/14/2025 23:31:34    207    | -17660.41797    0.007818897255  0.0339217484     | -17660.42578    
12/14/2025 23:31:34    208    | -17660.17773    0.009770743549  0.03787904605    | -17660.16797    
12/14/2025 23:31:34    209    | -17660.45508    0.003919029143  0.03015146591    | -17660.45117    
12/14/2025 23:31:34    210    | -17660.29297    0.00197855942   0.03363795206    | -17660.29492    
12/14/2025 23:31:34    211    | -17660.33008    0.009770743549  0.02952546999    | -17660.32031    
12/14/2025 23:31:34    212    | -17660.11719    0.009770743549  0.06001441181    | -17660.10742    
12/14/2025 23:31:34    213    | -17660.59375    0.005867902189  0.02665756643    | -17660.58789    
12/14/2025 23:31:34    214    | -17660.67773    0.003919029143  0.02877944149    | -17660.67383    
12/14/2025 23:31:34    215    | -17660.20117    0.003919029143  0.03102023713    | -17660.19727    
12/14/2025 23:31:34    216    | -17660.64258    0.007818897255  0.01748376526    | -17660.65039    
12/14/2025 23:31:34    217    | -17660.35352    0.01562820002   0.03406812251    | -17660.33789    
12/14/2025 23:31:34    218    | -17660.13672    0.003919029143  0.02892907895    | -17660.14062    
12/14/2025 23:31:34    219    | -17660.35156    0.01172301546   0.02831109613    | -17660.36328    
12/14/2025 23:31:34    220    | -17660.50391    0.005867902189  0.02481013164    | -17660.50977    
12/14/2025 23:31:34    221    | -17660.59766    0.00197855942   0.03030772135    | -17660.5957     
12/14/2025 23:31:34    222    | -17660.34375    0.01953380927   0.03568733856    | -17660.32422    
12/14/2025 23:31:34    223    | -17660.23633    0.00197855942   0.03292391449    | -17660.23438    
12/14/2025 23:31:34    224    | -17660.4707     0.00197855942   0.03031582944    | -17660.46875    
12/14/2025 23:31:34    225    | -17660.44531    0.009770743549  0.03755791858    | -17660.45508    
12/14/2025 23:31:34    226    | -17660.37305    0.00197855942   0.02935956791    | -17660.375      
12/14/2025 23:31:35    227    | -17660.3125     0.01562820002   0.03169220313    | -17660.32812    
12/14/2025 23:31:35    228    | -17660.17578    0.01172301546   0.0346313864     | -17660.1875     
12/14/2025 23:31:35    229    | -17660.32422    0.01758096926   0.03486466408    | -17660.3418     
12/14/2025 23:31:35    230    | -17660.50781    0.0003162277571 0.02350519411    | -17660.50781    
12/14/2025 23:31:35    231    | -17660.23438    0.009770743549  0.03236888349    | -17660.24414    
12/14/2025 23:31:35    232    | -17660.41602    0.01367553137   0.03103587963    | -17660.40234    
12/14/2025 23:31:35    233    | -17660.58594    0.005867902189  0.02210158668    | -17660.5918     
12/14/2025 23:31:35    234    | -17660.58398    0.01758096926   0.02617584914    | -17660.56641    
12/14/2025 23:31:35    235    | -17660.50195    0.0003162277571 0.02394500747    | -17660.50195    
12/14/2025 23:31:35    236    | -17660.57812    0.003919029143  0.03173266724    | -17660.58203    
12/14/2025 23:31:35    237    | -17660.14258    0.009770743549  0.0374853164     | -17660.15234    
12/14/2025 23:31:35    238    | -17660.06836    0.02539259382   0.04532187432    | -17660.04297    
12/14/2025 23:31:35    239    | -17660.5        0.01367553137   0.0279668346     | -17660.48633    
12/14/2025 23:31:35    240    | -17660.15039    0.01758096926   0.04272058979    | -17660.13281    
12/14/2025 23:31:35    241    | -17660.17969    0.007818897255  0.04064596817    | -17660.17188    
12/14/2025 23:31:35    242    | -17660.3125     0.02539259382   0.03492891416    | -17660.28711    
12/14/2025 23:31:35    243    | -17660.49805    0.003919029143  0.02848008648    | -17660.50195    
12/14/2025 23:31:35    244    | -17660.71484    0.0003162277571 0.03090044484    | -17660.71484    
12/14/2025 23:31:35    245    | -17660.31445    0.01562820002   0.03524440899    | -17660.29883    
12/14/2025 23:31:35    246    | -17660.54102    0.007818897255  0.01978638209    | -17660.5332     
12/14/2025 23:31:35    247    | -17660.47266    0.02343963273   0.03036269359    | -17660.44922    
12/14/2025 23:31:35    248    | -17660.44531    0.005867902189  0.02871732973    | -17660.43945    
12/14/2025 23:31:35    249    | -17660.60352    0.01172301546   0.02055831626    | -17660.5918     
12/14/2025 23:31:35    250    | -17660.49805    0.007818897255  0.02626721375    | -17660.49023    
12/14/2025 23:31:35    251    | -17660.50195    0.003919029143  0.02797108702    | -17660.50586    
12/14/2025 23:31:35    252    | -17660.38281    0.003919029143  0.03175828233    | -17660.37891    
12/14/2025 23:31:35    253    | -17660.25586    0.003919029143  0.02480713092    | -17660.25977    
12/14/2025 23:31:35    254    | -17660.72852    0.007818897255  0.02607297711    | -17660.73633    
12/14/2025 23:31:35    255    | -17660.51172    0.01367553137   0.02506258525    | -17660.49805    
12/14/2025 23:31:35    256    | -17660.45508    0.0003162277571 0.02839916199    | -17660.45508    
12/14/2025 23:31:35    257    | -17660.56445    0.0003162277571 0.02034819685    | -17660.56445    
12/14/2025 23:31:35    258    | -17660.20312    0.003919029143  0.0258681085     | -17660.19922    
12/14/2025 23:31:36    259    | -17660.54688    0.0003162277571 0.02569109388    | -17660.54688    
12/14/2025 23:31:36    260    | -17660.32617    0.003919029143  0.03051277436    | -17660.33008    
12/14/2025 23:31:36    261    | -17660.41797    0.005867902189  0.02549992315    | -17660.41211    
12/14/2025 23:31:36    262    | -17660.59961    0.0003162277571 0.02092005126    | -17660.59961    
12/14/2025 23:31:36    263    | -17660.50977    0.003919029143  0.02679155022    | -17660.51367    
12/14/2025 23:31:36    264    | -17660.60742    0.0003162277571 0.02643950656    | -17660.60742    
12/14/2025 23:31:36    265    | -17660.5        0.005867902189  0.0242526643     | -17660.49414    
12/14/2025 23:31:36    266    | -17660.44336    0.009770743549  0.02285503596    | -17660.43359    
12/14/2025 23:31:36    267    | -17660.44141    0.02148670144   0.02870565467    | -17660.41992    
12/14/2025 23:31:36    268    | -17660.3457     0.02734557912   0.02936770767    | -17660.31836    
12/14/2025 23:31:36    269    | -17660.51172    0.01562820002   0.03131963685    | -17660.49609    
12/14/2025 23:31:36    270    | -17660.33008    0.009770743549  0.02598149143    | -17660.32031    
12/14/2025 23:31:36    271    | -17660.37695    0.01172301546   0.03127569333    | -17660.36523    
12/14/2025 23:31:36    272    | -17660.36914    0.005867902189  0.03377699852    | -17660.36328    
12/14/2025 23:31:36    273    | -17660.39453    0.009770743549  0.03692290187    | -17660.38477    
12/14/2025 23:31:36    274    | -17660.33789    0.01172301546   0.02899082005    | -17660.32617    
12/14/2025 23:31:36    275    | -17660.23828    0.02929858118   0.02979757264    | -17660.20898    
12/14/2025 23:31:36    276    | -17660.38086    0.01758096926   0.03695936874    | -17660.36328    
12/14/2025 23:31:36    277    | -17660.30273    0.02929858118   0.04234245047    | -17660.27344    
12/14/2025 23:31:36    278    | -17660.32031    0.005867902189  0.02828723192    | -17660.31445    
12/14/2025 23:31:36    279    | -17660.21875    0.003919029143  0.03635541722    | -17660.21484    
12/14/2025 23:31:36    280    | -17660.50781    0.01758096926   0.03524427861    | -17660.49023    
12/14/2025 23:31:36    281    | -17660.71484    0.01562820002   0.03128435463    | -17660.69922    
12/14/2025 23:31:36    282    | -17660.18164    0.005867902189  0.03483314812    | -17660.17578    
12/14/2025 23:31:36    283    | -17660.45312    0.01562820002   0.03894161806    | -17660.4375     
12/14/2025 23:31:36    284    | -17660.60742    0.01562820002   0.03018141165    | -17660.5918     
12/14/2025 23:31:36    285    | -17660.42188    0.02539259382   0.0268762242     | -17660.39648    
12/14/2025 23:31:36    286    | -17660.38867    0.007818897255  0.03272974119    | -17660.38086    
12/14/2025 23:31:36    287    | -17660.52539    0.0003162277571 0.02644655295    | -17660.52539    
12/14/2025 23:31:36    288    | -17660.23242    0.005867902189  0.03705037758    | -17660.22656    
12/14/2025 23:31:36    289    | -17660.46875    0.01172301546   0.03334200382    | -17660.45703    
12/14/2025 23:31:37    290    | -17660.44922    0.003919029143  0.03819981962    | -17660.44531    
12/14/2025 23:31:37    291    | -17660.52148    0.007818897255  0.04163204134    | -17660.51367    
12/14/2025 23:31:37    292    | -17660.45312    0.009770743549  0.03056100011    | -17660.44336    
12/14/2025 23:31:37    293    | -17660.55078    0.01367553137   0.03027114645    | -17660.53711    
12/14/2025 23:31:37    294    | -17660.43164    0.009770743549  0.02552856691    | -17660.42188    
12/14/2025 23:31:37    295    | -17660.31445    0.003919029143  0.03111939505    | -17660.31055    
12/14/2025 23:31:37    296    | -17660.36523    0.005867902189  0.01900713332    | -17660.37109    
12/14/2025 23:31:37    297    | -17660.63867    0.00197855942   0.0233500544     | -17660.64062    
12/14/2025 23:31:37    298    | -17660.66797    0.0003162277571 0.02060975507    | -17660.66797    
12/14/2025 23:31:37    299    | -17660.68555    0.0003162277571 0.02812352777    | -17660.68555    
12/14/2025 23:31:37    300    | -17660.33594    0.005867902189  0.02977359667    | -17660.33008    
12/14/2025 23:31:37    301    | -17660.53516    0.009770743549  0.02689726278    | -17660.52539    
12/14/2025 23:31:37    302    | -17660.45117    0.007818897255  0.03239614889    | -17660.44336    
12/14/2025 23:31:37    303    | -17660.51758    0.009770743549  0.02899692394    | -17660.52734    
12/14/2025 23:31:37    304    | -17660.67969    0.007818897255  0.02017081715    | -17660.67188    
12/14/2025 23:31:37    305    | -17660.40039    0.00197855942   0.03136806935    | -17660.40234    
12/14/2025 23:31:37    306    | -17660.50195    0.009770743549  0.0276911743     | -17660.49219    
12/14/2025 23:31:37    307    | -17660.52734    0.01172301546   0.02494414523    | -17660.51562    
12/14/2025 23:31:37    308    | -17660.51172    0.00197855942   0.02499496937    | -17660.50977    
12/14/2025 23:31:37    309    | -17660.58203    0.01367553137   0.02087148279    | -17660.56836    
12/14/2025 23:31:37    310    | -17660.30078    0.0003162277571 0.03031072766    | -17660.30078    
12/14/2025 23:31:37    311    | -17660.37305    0.003919029143  0.02967278287    | -17660.36914    
12/14/2025 23:31:37    312    | -17660.65625    0.009770743549  0.02263454534    | -17660.64648    
12/14/2025 23:31:37    313    | -17660.39648    0.009770743549  0.036733374      | -17660.38672    
12/14/2025 23:31:37    314    | -17660.37695    0.01367553137   0.02875294723    | -17660.36328    
12/14/2025 23:31:37    315    | -17660.53516    0.00197855942   0.02843627706    | -17660.5332     
12/14/2025 23:31:37    316    | -17660.48633    0.009770743549  0.02268152125    | -17660.47656    
12/14/2025 23:31:37    317    | -17660.2832     0.03711072356   0.03129985929    | -17660.24609    
12/14/2025 23:31:38    318    | -17660.4375     0.005867902189  0.024959784      | -17660.44336    
12/14/2025 23:31:38    319    | -17660.65234    0.00197855942   0.01702434383    | -17660.6543     
12/14/2025 23:31:38    320    | -17660.36523    0.005867902189  0.03253123909    | -17660.37109    
12/14/2025 23:31:38    321    | -17660.42773    0.009770743549  0.02748770453    | -17660.4375     
12/14/2025 23:31:38    322    | -17660.45312    0.00197855942   0.0223919861     | -17660.45508    
12/14/2025 23:31:38    323    | -17660.55469    0.01172301546   0.02453851514    | -17660.56641    
12/14/2025 23:31:38    324    | -17660.20898    0.00197855942   0.03869593889    | -17660.21094    
12/14/2025 23:31:38    325    | -17660.51953    0.007818897255  0.03244701773    | -17660.51172    
12/14/2025 23:31:38    326    | -17660.60547    0.02343963273   0.02811205387    | -17660.58203    
12/14/2025 23:31:38    327    | -17660.43359    0.01758096926   0.02767625265    | -17660.41602    
12/14/2025 23:31:38    328    | -17660.15234    0.005867902189  0.03948320821    | -17660.1582     
12/14/2025 23:31:38    329    | -17660.38867    0.03515767306   0.03690489382    | -17660.42383    
12/14/2025 23:31:38    330    | -17660.53516    0.01562820002   0.04258462042    | -17660.55078    
12/14/2025 23:31:38    331    | -17660.42188    0.005867902189  0.03556414694    | -17660.42773    
12/14/2025 23:31:38    332    | -17660.41016    0.00197855942   0.0480956845     | -17660.41211    
12/14/2025 23:31:38    333    | -17660.48047    0.04296991229   0.03792041168    | -17660.52344    
12/14/2025 23:31:38    334    | -17660.38281    0.005867902189  0.02870712988    | -17660.38867    
12/14/2025 23:31:38    335    | -17660.45703    0.003919029143  0.02920319326    | -17660.45312    
12/14/2025 23:31:38    336    | -17660.71484    0.01953380927   0.02571502142    | -17660.73438    
12/14/2025 23:31:38    337    | -17660.37695    0.02734557912   0.02957903966    | -17660.4043     
12/14/2025 23:31:38    338    | -17660.3125     0.02734557912   0.03343965113    | -17660.33984    
12/14/2025 23:31:38    339    | -17660.21875    0.007818897255  0.02937034331    | -17660.22656    
12/14/2025 23:31:38    340    | -17660.31055    0.009770743549  0.02924477868    | -17660.32031    
12/14/2025 23:31:38    341    | -17660.45508    0.009770743549  0.03083060868    | -17660.46484    
12/14/2025 23:31:38    342    | -17660.62305    0.005867902189  0.01786906458    | -17660.61719    
12/14/2025 23:31:38    343    | -17660.41797    0.009770743549  0.02725580335    | -17660.42773    
12/14/2025 23:31:38    344    | -17660.52539    0.01367553137   0.02321858704    | -17660.51172    
12/14/2025 23:31:38    345    | -17660.20508    0.007818897255  0.0358559452     | -17660.19727    
12/14/2025 23:31:38    346    | -17660.52539    0.0003162277571 0.03398841619    | -17660.52539    
12/14/2025 23:31:38    347    | -17660.54102    0.00197855942   0.03400306031    | -17660.53906    
12/14/2025 23:31:38    348    | -17660.30664    0.007818897255  0.04936843738    | -17660.31445    
12/14/2025 23:31:38    349    | -17660.38867    0.0722663179    0.04193491116    | -17660.46094    
12/14/2025 23:31:39    350    | -17660.42773    0.01367553137   0.03391210735    | -17660.44141    
12/14/2025 23:31:39    351    | -17660.23633    0.02734557912   0.03691846505    | -17660.26367    
12/14/2025 23:31:39    352    | -17660.41406    0.04882914945   0.04634435475    | -17660.46289    
12/14/2025 23:31:39    353    | -17660.38281    0.003919029143  0.04521950707    | -17660.38672    
12/14/2025 23:31:39    354    | -17660.58984    0.01172301546   0.02861575224    | -17660.60156    
12/14/2025 23:31:39    355    | -17660.27734    0.02539259382   0.0357785821     | -17660.30273    
12/14/2025 23:31:39    356    | -17660.06641    0.02343963273   0.04636473581    | -17660.08984    
12/14/2025 23:31:39    357    | -17660.30859    0.02734557912   0.03832675889    | -17660.33594    
12/14/2025 23:31:39    358    | -17660.55273    0.03515767306   0.04179701209    | -17660.58789    
12/14/2025 23:31:39    359    | -17660.42578    0.03515767306   0.03816242889    | -17660.46094    
12/14/2025 23:31:39    360    | -17660.2168     0.03515767306   0.03303164244    | -17660.25195    
12/14/2025 23:31:39    361    | -17660.64648    0.03515767306   0.03362916037    | -17660.68164    
12/14/2025 23:31:39    362    | -17660.17383    0.00197855942   0.05100554973    | -17660.17188    
12/14/2025 23:31:39    363    | -17660.34961    0.02539259382   0.03803632036    | -17660.375      
12/14/2025 23:31:39    364    | -17660.36133    0.02343963273   0.02928813919    | -17660.38477    
12/14/2025 23:31:39    365    | -17660.42969    0.003919029143  0.03386409208    | -17660.43359    
12/14/2025 23:31:39    366    | -17660.59766    0.01953380927   0.02371303923    | -17660.61719    
12/14/2025 23:31:39    367    | -17660.27539    0.03711072356   0.03510878235    | -17660.3125     
12/14/2025 23:31:39    368    | -17660.10938    0.01562820002   0.03939244151    | -17660.125      
12/14/2025 23:31:39    369    | -17660.36523    0.02539259382   0.03376969695    | -17660.39062    
12/14/2025 23:31:39    370    | -17660.60938    0.009770743549  0.0321380496     | -17660.61914    
12/14/2025 23:31:39    371    | -17660.26758    0.009770743549  0.03174178302    | -17660.27734    
12/14/2025 23:31:39    372    | -17660.5293     0.01758096926   0.03452174366    | -17660.54688    
12/14/2025 23:31:39    373    | -17660.48242    0.03125159815   0.02879134938    | -17660.51367    
12/14/2025 23:31:39    374    | -17660.56641    0.03125159815   0.03187042102    | -17660.59766    
12/14/2025 23:31:39    375    | -17660.59961    0.01562820002   0.0330555886     | -17660.61523    
12/14/2025 23:31:39    376    | -17660.63086    0.009770743549  0.02883733995    | -17660.64062    
12/14/2025 23:31:39    377    | -17660.41992    0.003919029143  0.04341287166    | -17660.41602    
12/14/2025 23:31:39    378    | -17660.4375     0.0003162277571 0.03304317966    | -17660.4375     
12/14/2025 23:31:39    379    | -17660.14258    0.01367553137   0.05565378442    | -17660.15625    
12/14/2025 23:31:39    380    | -17660.55859    0.007818897255  0.02658878639    | -17660.56641    
12/14/2025 23:31:40    381    | -17660.17578    0.00197855942   0.033538647      | -17660.17383    
12/14/2025 23:31:40    382    | -17660.2832     0.005867902189  0.03504052758    | -17660.28906    
12/14/2025 23:31:40    383    | -17660.37109    0.007818897255  0.0330661796     | -17660.37891    
12/14/2025 23:31:40    384    | -17660.27734    0.02539259382   0.02637348324    | -17660.30273    
12/14/2025 23:31:40    385    | -17660.46875    0.02343963273   0.02437291853    | -17660.49219    
12/14/2025 23:31:40    386    | -17660.13281    0.003919029143  0.03738589585    | -17660.13672    
12/14/2025 23:31:40    387    | -17660.4375     0.02148670144   0.03621390089    | -17660.45898    
12/14/2025 23:31:40    388    | -17660.58398    0.009770743549  0.03196360171    | -17660.59375    
12/14/2025 23:31:40    389    | -17660.63477    0.003919029143  0.03358175233    | -17660.63086    
12/14/2025 23:31:40    390    | -17660.60547    0.04296991229   0.04329346493    | -17660.64844    
12/14/2025 23:31:40    391    | -17660.375      0.03711072356   0.03872879595    | -17660.41211    
12/14/2025 23:31:40    392    | -17660.36328    0.007818897255  0.03290588781    | -17660.37109    
12/14/2025 23:31:40    393    | -17660.52344    0.03320463002   0.03222346678    | -17660.55664    
12/14/2025 23:31:40    394    | -17660.31641    0.005867902189  0.03390046954    | -17660.31055    
12/14/2025 23:31:40    395    | -17660.36523    0.02539259382   0.035987854      | -17660.39062    
12/14/2025 23:31:40    396    | -17660.50586    0.01953380927   0.03931185231    | -17660.52539    
12/14/2025 23:31:40    397    | -17660.24414    0.00197855942   0.04967663065    | -17660.24609    
12/14/2025 23:31:40    398    | -17660.61914    0.005867902189  0.02904115804    | -17660.625      
12/14/2025 23:31:40    399    | -17660.39062    0.01367553137   0.0460168086     | -17660.4043     
12/14/2025 23:31:40    400    | -17660.42578    0.02539259382   0.03020403348    | -17660.45117    
12/14/2025 23:31:40    401    | -17660.24219    0.003919029143  0.03951423243    | -17660.23828    
12/14/2025 23:31:40    402    | -17660.26172    0.003919029143  0.03667668626    | -17660.26562    
12/14/2025 23:31:40    403    | -17659.91211    0.04296991229   0.06192622706    | -17659.95508    
12/14/2025 23:31:40    404    | -17660.21484    0.007818897255  0.05606912449    | -17660.22266    
12/14/2025 23:31:40    405    | -17660.45898    0.003919029143  0.03049779125    | -17660.46289    
12/14/2025 23:31:40    406    | -17660.56836    0.01172301546   0.02863126434    | -17660.58008    
12/14/2025 23:31:40    407    | -17660.31445    0.00197855942   0.03362758085    | -17660.3125     
12/14/2025 23:31:40    408    | -17660.25195    0.0003162277571 0.02829109505    | -17660.25195    
12/14/2025 23:31:40    409    | -17659.81641    0.01367553137   0.03259337321    | -17659.80273    
12/14/2025 23:31:41    410    | -17660.31836    0.003919029143  0.02762978896    | -17660.31445    
12/14/2025 23:31:41    411    | -17660.38867    0.02148670144   0.02700110897    | -17660.36719    
12/14/2025 23:31:41    412    | -17660.67969    0.007818897255  0.0230100695     | -17660.67188    
12/14/2025 23:31:41    413    | -17660.43359    0.005867902189  0.03073387593    | -17660.42773    
12/14/2025 23:31:41    414    | -17660.41211    0.01953380927   0.03320117295    | -17660.39258    
12/14/2025 23:31:41    415    | -17660.19531    0.01367553137   0.02959842235    | -17660.18164    
12/14/2025 23:31:41    416    | -17660.16406    0.009770743549  0.04921993986    | -17660.17383    
12/14/2025 23:31:41    417    | -17660.42969    0.02734557912   0.02684589848    | -17660.40234    
12/14/2025 23:31:41    418    | -17660.25781    0.02343963273   0.03019839339    | -17660.23438    
12/14/2025 23:31:41    419    | -17660.35938    0.02929858118   0.03000820614    | -17660.33008    
12/14/2025 23:31:41    420    | -17660.36523    0.009770743549  0.02532557212    | -17660.35547    
12/14/2025 23:31:41    421    | -17660.24609    0.007818897255  0.029594291      | -17660.23828    
12/14/2025 23:31:41    422    | -17660.25781    0.00197855942   0.0446742475     | -17660.25977    
12/14/2025 23:31:41    423    | -17660.19531    0.03125159815   0.02823513933    | -17660.16406    
12/14/2025 23:31:41    424    | -17660.29297    0.02929858118   0.03030469269    | -17660.26367    
12/14/2025 23:31:41    425    | -17660.13281    0.01367553137   0.05090465397    | -17660.14648    
12/14/2025 23:31:41    426    | -17660.54492    0.007818897255  0.04302894697    | -17660.55273    
12/14/2025 23:31:41    427    | -17660.47461    0.02539259382   0.02712060325    | -17660.44922    
12/14/2025 23:31:41    428    | -17660.27734    0.01562820002   0.03189457208    | -17660.26172    
12/14/2025 23:31:41    429    | -17660.39648    0.01367553137   0.02806233428    | -17660.38281    
12/14/2025 23:31:41    430    | -17660.55273    0.00197855942   0.0409465991     | -17660.55078    
12/14/2025 23:31:41    431    | -17660.31445    0.01562820002   0.03344308957    | -17660.29883    
12/14/2025 23:31:41    432    | -17660.54102    0.0390637815    0.02573134564    | -17660.50195    
12/14/2025 23:31:41    433    | -17659.98828    0.01367553137   0.03375857323    | -17659.97461    
12/14/2025 23:31:41    434    | -17659.93164    0.02148670144   0.04700683057    | -17659.91016    
12/14/2025 23:31:41    435    | -17660.13281    0.01758096926   0.03643667325    | -17660.11523    
12/14/2025 23:31:41    436    | -17660.5625     0.03515767306   0.03687433526    | -17660.52734    
12/14/2025 23:31:41    437    | -17660.12891    0.02343963273   0.03694656864    | -17660.10547    
12/14/2025 23:31:41    438    | -17660.0918     0.007818897255  0.0394715108     | -17660.08398    
12/14/2025 23:31:41    439    | -17660.44531    0.03711072356   0.03700673953    | -17660.4082     
12/14/2025 23:31:41    440    | -17660.44336    0.01367553137   0.03119361959    | -17660.45703    
12/14/2025 23:31:42    441    | -17660.21094    0.01562820002   0.03542198241    | -17660.22656    
12/14/2025 23:31:42    442    | -17660.26562    0.01367553137   0.03285915405    | -17660.2793     
12/14/2025 23:31:42    443    | -17660.70117    0.005867902189  0.02609511092    | -17660.70703    
12/14/2025 23:31:42    444    | -17660.55859    0.01172301546   0.03212082759    | -17660.57031    
12/14/2025 23:31:42    445    | -17660.3457     0.00197855942   0.02398442663    | -17660.34766    
12/14/2025 23:31:42    446    | -17660.41211    0.005867902189  0.02804560587    | -17660.41797    
12/14/2025 23:31:42    447    | -17660.61328    0.003919029143  0.02516143583    | -17660.61719    
12/14/2025 23:31:42    448    | -17660.33203    0.01367553137   0.03671460226    | -17660.3457     
12/14/2025 23:31:42    449    | -17660.61328    0.0003162277571 0.02706249245    | -17660.61328    
12/14/2025 23:31:42    450    | -17660.4375     0.005867902189  0.03199374676    | -17660.43164    
12/14/2025 23:31:42    451    | -17660.32031    0.009770743549  0.03706540167    | -17660.33008    
12/14/2025 23:31:42    452    | -17660.31641    0.003919029143  0.03272577748    | -17660.3125     
12/14/2025 23:31:42    453    | -17660.52148    0.007818897255  0.03084826283    | -17660.5293     
12/14/2025 23:31:42    454    | -17660.38867    0.00197855942   0.02708381414    | -17660.38672    
12/14/2025 23:31:42    455    | -17660.45703    0.0003162277571 0.03191826493    | -17660.45703    
12/14/2025 23:31:42    456    | -17660.0918     0.01367553137   0.04386883974    | -17660.10547    
12/14/2025 23:31:42    457    | -17660.26953    0.003919029143  0.03744286671    | -17660.26562    
12/14/2025 23:31:42    458    | -17660.33203    0.01367553137   0.03189806268    | -17660.31836    
12/14/2025 23:31:42    459    | -17659.95703    0.003919029143  0.04694621637    | -17659.95312    
12/14/2025 23:31:42    460    | -17660.45508    0.04101684317   0.04261127859    | -17660.41406    
12/14/2025 23:31:42    461    | -17660.30859    0.02148670144   0.02351005375    | -17660.28711    
12/14/2025 23:31:42    462    | -17660.28516    0.02148670144   0.03672435507    | -17660.26367    
12/14/2025 23:31:42    463    | -17660.47461    0.01562820002   0.04384960234    | -17660.49023    
12/14/2025 23:31:42    464    | -17660.18164    0.02343963273   0.04036443681    | -17660.1582     
12/14/2025 23:31:42    465    | -17660.3457     0.0003162277571 0.03166359663    | -17660.3457     
12/14/2025 23:31:42    466    | -17660.15039    0.03515767306   0.04708951712    | -17660.11523    
12/14/2025 23:31:42    467    | -17660.16016    0.003919029143  0.0385802798     | -17660.15625    
12/14/2025 23:31:42    468    | -17660.57617    0.01758096926   0.02922731638    | -17660.55859    
12/14/2025 23:31:42    469    | -17660.30859    0.00197855942   0.02790284716    | -17660.30664    
12/14/2025 23:31:42    470    | -17660.41211    0.01562820002   0.03787643462    | -17660.39648    
12/14/2025 23:31:42    471    | -17660.54883    0.01367553137   0.0256388057     | -17660.53516    
12/14/2025 23:31:43    472    | -17660.48633    0.005867902189  0.02434705757    | -17660.48047    
12/14/2025 23:31:43    473    | -17660.64648    0.003919029143  0.0287628267     | -17660.64258    
12/14/2025 23:31:43    474    | -17660.46875    0.00197855942   0.03197745979    | -17660.4668     
12/14/2025 23:31:43    475    | -17660.17383    0.00197855942   0.04394762963    | -17660.17188    
12/14/2025 23:31:43    476    | -17660.42773    0.00197855942   0.03095256351    | -17660.42578    
12/14/2025 23:31:43    477    | -17660.26562    0.02148670144   0.03733073175    | -17660.28711    
12/14/2025 23:31:43    478    | -17660.25586    0.005867902189  0.02896731719    | -17660.25       
12/14/2025 23:31:43    479    | -17660.41797    0.00197855942   0.02201060019    | -17660.41992    
12/14/2025 23:31:43    480    | -17660.68945    0.00197855942   0.0212020576     | -17660.6875     
12/14/2025 23:31:43    481    | -17660.25       0.005867902189  0.03473002464    | -17660.24414    
12/14/2025 23:31:43    482    | -17660.55664    0.005867902189  0.03355913609    | -17660.55078    
12/14/2025 23:31:43    483    | -17660.73047    0.005867902189  0.02721029706    | -17660.73633    
12/14/2025 23:31:43    484    | -17660.45117    0.03125159815   0.03135900199    | -17660.41992    
12/14/2025 23:31:43    485    | -17660.64062    0.009770743549  0.02237922698    | -17660.63086    
12/14/2025 23:31:43    486    | -17660.17188    0.02148670144   0.03713006526    | -17660.15039    
12/14/2025 23:31:43    487    | -17660.49023    0.0003162277571 0.02465256304    | -17660.49023    
12/14/2025 23:31:43    488    | -17660.17188    0.01953380927   0.03324407339    | -17660.15234    
12/14/2025 23:31:43    489    | -17660.51562    0.0003162277571 0.02572256513    | -17660.51562    
12/14/2025 23:31:43    490    | -17660.35352    0.02734557912   0.03203082085    | -17660.32617    
12/14/2025 23:31:43    491    | -17660.61133    0.00197855942   0.03442879766    | -17660.61328    
12/14/2025 23:31:43    492    | -17660.61523    0.01367553137   0.02406717464    | -17660.60156    
12/14/2025 23:31:43    493    | -17660.2832     0.005867902189  0.03021078929    | -17660.27734    
12/14/2025 23:31:43    494    | -17659.97266    0.005867902189  0.0497075431     | -17659.9668     
12/14/2025 23:31:43    495    | -17660.43164    0.003919029143  0.02101483941    | -17660.42773    
12/14/2025 23:31:43    496    | -17660.36328    0.009770743549  0.02767910995    | -17660.35352    
12/14/2025 23:31:43    497    | -17660.52344    0.01758096926   0.02589687705    | -17660.50586    
12/14/2025 23:31:43    498    | -17660.44531    0.005867902189  0.03050770611    | -17660.43945    
12/14/2025 23:31:43    499    | -17660.24609    0.00197855942   0.03348312527    | -17660.24805    
12/14/2025 23:31:43    500    | -17660.21094    0.00197855942   0.04147753865    | -17660.20898    
12/14/2025 23:31:44    501    | -17660.23828    0.02734557912   0.03319682181    | -17660.21094    
12/14/2025 23:31:44    502    | -17660.69727    0.00197855942   0.03376506642    | -17660.69922    
12/14/2025 23:31:44    503    | -17660.68555    0.003919029143  0.02579975501    | -17660.68164    
12/14/2025 23:31:44    504    | -17660.39453    0.01562820002   0.02980718948    | -17660.37891    
12/14/2025 23:31:44    505    | -17660.46094    0.00197855942   0.03091880493    | -17660.45898    
12/14/2025 23:31:44    506    | -17660.33789    0.005867902189  0.03699050471    | -17660.33203    
12/14/2025 23:31:44    507    | -17660.69336    0.003919029143  0.02969156206    | -17660.69727    
12/14/2025 23:31:44    508    | -17660.34961    0.01367553137   0.02430125698    | -17660.33594    
12/14/2025 23:31:44    509    | -17660.41992    0.009770743549  0.03097491153    | -17660.41016    
12/14/2025 23:31:44    510    | -17660.55078    0.00197855942   0.0288638249     | -17660.54883    
12/14/2025 23:31:44    511    | -17660.55859    0.01367553137   0.02318707667    | -17660.54492    
12/14/2025 23:31:44    512    | -17660.60156    0.00197855942   0.02739381604    | -17660.59961    
12/14/2025 23:31:44    513    | -17660.2207     0.003919029143  0.02924309112    | -17660.2168     
12/14/2025 23:31:44    514    | -17660.52148    0.009770743549  0.02686310001    | -17660.51172    
12/14/2025 23:31:44    515    | -17660.4082     0.003919029143  0.03477237746    | -17660.4043     
12/14/2025 23:31:44    516    | -17660.3125     0.009770743549  0.02949078195    | -17660.30273    
12/14/2025 23:31:44    517    | -17660.60547    0.00197855942   0.03400634974    | -17660.60352    
12/14/2025 23:31:44    518    | -17660.48633    0.01562820002   0.0314713791     | -17660.4707     
12/14/2025 23:31:44    519    | -17660.43164    0.01172301546   0.03243248165    | -17660.44336    
12/14/2025 23:31:44    520    | -17660.37109    0.005867902189  0.02838912234    | -17660.37695    
12/14/2025 23:31:44    521    | -17660.5332     0.01172301546   0.02148868144    | -17660.52148    
12/14/2025 23:31:44    522    | -17660.26758    0.005867902189  0.03236770257    | -17660.26172    
12/14/2025 23:31:44    523    | -17660.35156    0.00197855942   0.02936957031    | -17660.34961    
12/14/2025 23:31:44    524    | -17660.19727    0.00197855942   0.02828947827    | -17660.19922    
12/14/2025 23:31:44    525    | -17660.39648    0.01172301546   0.04745174944    | -17660.38477    
12/14/2025 23:31:44    526    | -17660.53125    0.00197855942   0.02881173976    | -17660.5293     
12/14/2025 23:31:44    527    | -17660.27148    0.01758096926   0.02484696731    | -17660.25391    
12/14/2025 23:31:44    528    | -17660.41992    0.005867902189  0.03884344921    | -17660.42578    
12/14/2025 23:31:44    529    | -17660.375      0.003919029143  0.03238034248    | -17660.37891    
12/14/2025 23:31:44    530    | -17660.16406    0.009770743549  0.02844868787    | -17660.17383    
12/14/2025 23:31:45    531    | -17660.15625    0.003919029143  0.0294303149     | -17660.15234    
12/14/2025 23:31:45    532    | -17660.37305    0.0003162277571 0.02855133265    | -17660.37305    
12/14/2025 23:31:45    533    | -17660.31445    0.005867902189  0.0264016632     | -17660.30859    
12/14/2025 23:31:45    534    | -17660.11719    0.01367553137   0.03665530309    | -17660.10352    
12/14/2025 23:31:45    535    | -17660.5957     0.01758096926   0.02510986477    | -17660.61328    
12/14/2025 23:31:45    536    | -17660.36328    0.0003162277571 0.0273730047     | -17660.36328    
12/14/2025 23:31:45    537    | -17660.38086    0.003919029143  0.0365607962     | -17660.38477    
12/14/2025 23:31:45    538    | -17660.18945    0.01172301546   0.03907813877    | -17660.20117    
12/14/2025 23:31:45    539    | -17660.46484    0.02929858118   0.05263702944    | -17660.49414    
12/14/2025 23:31:45    540    | -17660.5957     0.01367553137   0.03253405541    | -17660.60938    
12/14/2025 23:31:45    541    | -17660.58984    0.02539259382   0.04899796844    | -17660.61523    
12/14/2025 23:31:45    542    | -17660.61914    0.01367553137   0.0291321408     | -17660.63281    
12/14/2025 23:31:45    543    | -17660.66797    0.00197855942   0.02773316205    | -17660.66992    
12/14/2025 23:31:45    544    | -17660.54883    0.01172301546   0.02686849236    | -17660.56055    
12/14/2025 23:31:45    545    | -17660.46484    0.003919029143  0.02948394418    | -17660.46094    
12/14/2025 23:31:45    546    | -17660.25781    0.01953380927   0.03734425083    | -17660.27734    
12/14/2025 23:31:45    547    | -17660.5625     0.005867902189  0.01968370378    | -17660.56836    
12/14/2025 23:31:45    548    | -17660.51953    0.003919029143  0.03378777206    | -17660.52344    
12/14/2025 23:31:45    549    | -17660.63867    0.007818897255  0.02196056955    | -17660.64648    
12/14/2025 23:31:45    550    | -17660.42773    0.01367553137   0.02523866482    | -17660.41406    
12/14/2025 23:31:45    551    | -17660.66992    0.009770743549  0.02192642353    | -17660.66016    
12/14/2025 23:31:45    552    | -17660.40625    0.007818897255  0.02834293991    | -17660.39844    
12/14/2025 23:31:45    553    | -17660.70312    0.00197855942   0.02966293506    | -17660.70117    
12/14/2025 23:31:45    554    | -17660.7168     0.00197855942   0.02672043256    | -17660.71484    
12/14/2025 23:31:45    555    | -17660.57812    0.01172301546   0.03320357576    | -17660.56641    
12/14/2025 23:31:45    556    | -17660.69727    0.01172301546   0.0173950363     | -17660.68555    
12/14/2025 23:31:45    557    | -17660.83008    0.003919029143  0.02102956362    | -17660.82617    
12/14/2025 23:31:45    558    | -17660.64844    0.007818897255  0.02964669839    | -17660.64062    
12/14/2025 23:31:45    559    | -17660.68164    0.00197855942   0.0242172163     | -17660.68359    
12/14/2025 23:31:45    560    | -17660.55859    0.00197855942   0.02235691808    | -17660.55664    
12/14/2025 23:31:45    561    | -17660.44727    0.00197855942   0.02769475244    | -17660.44531    
12/14/2025 23:31:46    562    | -17660.31055    0.00197855942   0.0254574623     | -17660.3125     
12/14/2025 23:31:46    563    | -17660.56445    0.00197855942   0.02689362317    | -17660.5625     
12/14/2025 23:31:46    564    | -17660.37109    0.01172301546   0.03892672434    | -17660.35938    
12/14/2025 23:31:46    565    | -17660.57031    0.005867902189  0.02772007883    | -17660.56445    
12/14/2025 23:31:46    566    | -17660.60156    0.01172301546   0.0305138696     | -17660.61328    
12/14/2025 23:31:46    567    | -17660.16602    0.005867902189  0.03549215198    | -17660.17188    
12/14/2025 23:31:46    568    | -17660.38867    0.00197855942   0.0256713815     | -17660.38672    
12/14/2025 23:31:46    569    | -17660.43945    0.01562820002   0.02873438038    | -17660.45508    
12/14/2025 23:31:46    570    | -17660.59766    0.003919029143  0.02234040946    | -17660.59375    
12/14/2025 23:31:46    571    | -17660.29102    0.003919029143  0.03523953632    | -17660.29492    
12/14/2025 23:31:46    572    | -17659.89453    0.00197855942   0.0312547572     | -17659.89258    
12/14/2025 23:31:46    573    | -17660.35938    0.01172301546   0.03122165613    | -17660.34766    
12/14/2025 23:31:46    574    | -17660.44531    0.00197855942   0.03603317961    | -17660.44336    
12/14/2025 23:31:46    575    | -17660.49805    0.01953380927   0.02768489718    | -17660.51758    
12/14/2025 23:31:46    576    | -17660.20703    0.00197855942   0.03677355498    | -17660.20508    
12/14/2025 23:31:46    577    | -17660.60156    0.009770743549  0.02528768592    | -17660.5918     
12/14/2025 23:31:46    578    | -17660.49023    0.01758096926   0.03251874447    | -17660.50781    
12/14/2025 23:31:46    579    | -17660.42773    0.01562820002   0.02666563541    | -17660.44336    
12/14/2025 23:31:46    580    | -17660.58203    0.009770743549  0.03033083864    | -17660.57227    
12/14/2025 23:31:46    581    | -17660.44922    0.01367553137   0.03728454933    | -17660.43555    
12/14/2025 23:31:46    582    | -17660.59961    0.003919029143  0.02661571279    | -17660.60352    
12/14/2025 23:31:46    583    | -17660.36328    0.005867902189  0.02595755085    | -17660.35742    
12/14/2025 23:31:46    584    | -17660.53516    0.01172301546   0.02941978164    | -17660.54688    
12/14/2025 23:31:46    585    | -17660.29102    0.01172301546   0.03104379959    | -17660.2793     
12/14/2025 23:31:46    586    | -17660.53711    0.04296991229   0.03427276015    | -17660.49414    
12/14/2025 23:31:46    587    | -17660.63281    0.02929858118   0.02896565944    | -17660.60352    
12/14/2025 23:31:46    588    | -17660.33203    0.005867902189  0.03679859638    | -17660.32617    
12/14/2025 23:31:46    589    | -17660.60742    0.00197855942   0.02581705339    | -17660.60547    
12/14/2025 23:31:46    590    | -17660.69727    0.003919029143  0.03583031893    | -17660.70117    
12/14/2025 23:31:46    591    | -17660.40625    0.007818897255  0.02875661664    | -17660.41406    
12/14/2025 23:31:46    592    | -17660.52734    0.005867902189  0.0253502205     | -17660.5332     
12/14/2025 23:31:47    593    | -17660.35547    0.02734557912   0.04029935598    | -17660.32812    
12/14/2025 23:31:47    594    | -17660.26758    0.01758096926   0.03532219678    | -17660.25       
12/14/2025 23:31:47    595    | -17660.39258    0.005867902189  0.02655815519    | -17660.38672    
12/14/2025 23:31:47    596    | -17660.06836    0.00197855942   0.0327747874     | -17660.06641    
12/14/2025 23:31:47    597    | -17660.63867    0.007818897255  0.0259414576     | -17660.63086    
12/14/2025 23:31:47    598    | -17660.53711    0.007818897255  0.01813060045    | -17660.54492    
12/14/2025 23:31:47    599    | -17660.44727    0.003919029143  0.03197357804    | -17660.44336    
12/14/2025 23:31:47    600    | -17660.00586    0.009770743549  0.0447190702     | -17659.99609    
12/14/2025 23:31:47    601    | -17660.50977    0.005867902189  0.02133613639    | -17660.50391    
12/14/2025 23:31:47    602    | -17660.25       0.02343963273   0.02962679975    | -17660.27344    
12/14/2025 23:31:47    603    | -17660.73438    0.005867902189  0.02490651421    | -17660.72852    
12/14/2025 23:31:47    604    | -17660.38281    0.02929858118   0.03140268102    | -17660.35352    
12/14/2025 23:31:47    605    | -17660.6543     0.00197855942   0.04031256959    | -17660.65234    
12/14/2025 23:31:47    606    | -17660.49414    0.01367553137   0.02367873117    | -17660.48047    
12/14/2025 23:31:47    607    | -17660.12891    0.003919029143  0.03273619711    | -17660.13281    
12/14/2025 23:31:47    608    | -17660.39453    0.01758096926   0.06722507626    | -17660.41211    
12/14/2025 23:31:47    609    | -17660.28125    0.01562820002   0.04826742038    | -17660.29688    
12/14/2025 23:31:47    610    | -17660.57031    0.005867902189  0.02696108632    | -17660.56445    
12/14/2025 23:31:47    611    | -17660.60547    0.01562820002   0.03022516891    | -17660.58984    
12/14/2025 23:31:47    612    | -17660.4707     0.007818897255  0.02753672376    | -17660.46289    
12/14/2025 23:31:47    613    | -17660.46484    0.0003162277571 0.02561780252    | -17660.46484    
12/14/2025 23:31:47    614    | -17660.38867    0.01562820002   0.0233310461     | -17660.37305    
12/14/2025 23:31:47    615    | -17660.58203    0.0003162277571 0.02218583412    | -17660.58203    
12/14/2025 23:31:47    616    | -17660.32422    0.01367553137   0.03360796347    | -17660.33789    
12/14/2025 23:31:47    617    | -17660.49805    0.00197855942   0.02705729753    | -17660.5        
12/14/2025 23:31:47    618    | -17660.39648    0.005867902189  0.036507871      | -17660.39062    
12/14/2025 23:31:47    619    | -17660.42773    0.009770743549  0.04256725684    | -17660.41797    
12/14/2025 23:31:47    620    | -17660.4082     0.005867902189  0.02808691747    | -17660.41406    
12/14/2025 23:31:48    621    | -17660.51562    0.005867902189  0.03633363917    | -17660.52148    
12/14/2025 23:31:48    622    | -17660.61328    0.00197855942   0.03221764416    | -17660.61133    
12/14/2025 23:31:48    623    | -17660.60742    0.009770743549  0.02554582804    | -17660.61719    
12/14/2025 23:31:48    624    | -17660.2832     0.007818897255  0.04008308798    | -17660.27539    
12/14/2025 23:31:48    625    | -17660.39258    0.003919029143  0.0260519404     | -17660.38867    
12/14/2025 23:31:48    626    | -17660.61133    0.007818897255  0.02659636177    | -17660.61914    
12/14/2025 23:31:48    627    | -17660.47461    0.01562820002   0.02358363383    | -17660.49023    
12/14/2025 23:31:48    628    | -17660.43555    0.003919029143  0.0386710614     | -17660.43945    
12/14/2025 23:31:48    629    | -17660.85938    0.00197855942   0.01731217094    | -17660.85742    
12/14/2025 23:31:48    630    | -17660.39453    0.02929858118   0.04062856734    | -17660.42383    
12/14/2025 23:31:48    631    | -17660.55859    0.00197855942   0.04213156179    | -17660.56055    
12/14/2025 23:31:48    632    | -17660.15625    0.007818897255  0.03929555416    | -17660.16406    
12/14/2025 23:31:48    633    | -17660.47852    0.003919029143  0.03263439611    | -17660.48242    
12/14/2025 23:31:48    634    | -17660.45508    0.02148670144   0.03454150632    | -17660.47656    
12/14/2025 23:31:48    635    | -17660.71484    0.00197855942   0.02684616484    | -17660.71289    
12/14/2025 23:31:48    636    | -17660.31641    0.02148670144   0.03459884599    | -17660.29492    
12/14/2025 23:31:48    637    | -17660.43945    0.01758096926   0.03491328284    | -17660.42188    
12/14/2025 23:31:48    638    | -17660.61133    0.02148670144   0.02054579929    | -17660.58984    
12/14/2025 23:31:48    639    | -17660.3457     0.003919029143  0.02892133221    | -17660.3418     
12/14/2025 23:31:48    640    | -17660.46094    0.005867902189  0.02808073536    | -17660.45508    
12/14/2025 23:31:48    641    | -17660.49805    0.007818897255  0.02980779856    | -17660.50586    
12/14/2025 23:31:48    642    | -17660.52734    0.00197855942   0.02459736355    | -17660.52539    
12/14/2025 23:31:48    643    | -17660.36328    0.005867902189  0.03701806813    | -17660.35742    
12/14/2025 23:31:48    644    | -17660.14648    0.003919029143  0.0429388769     | -17660.15039    
12/14/2025 23:31:48    645    | -17660.46875    0.01172301546   0.03083091229    | -17660.48047    
12/14/2025 23:31:48    646    | -17660.51367    0.007818897255  0.02696350776    | -17660.52148    
12/14/2025 23:31:48    647    | -17660.46484    0.003919029143  0.02981902286    | -17660.46094    
12/14/2025 23:31:48    648    | -17660.35547    0.003919029143  0.03306281567    | -17660.35938    
12/14/2025 23:31:48    649    | -17660.30859    0.01172301546   0.02929186076    | -17660.29688    
12/14/2025 23:31:48    650    | -17660.3125     0.02148670144   0.04167990386    | -17660.29102    
12/14/2025 23:31:48    651    | -17660.39062    0.009770743549  0.03040197119    | -17660.38086    
12/14/2025 23:31:49    652    | -17660.61523    0.003919029143  0.03557674587    | -17660.61133    
12/14/2025 23:31:49    653    | -17660.60156    0.003919029143  0.03278838098    | -17660.59766    
12/14/2025 23:31:49    654    | -17660.03125    0.003919029143  0.04503074661    | -17660.03516    
12/14/2025 23:31:49    655    | -17660.56055    0.01758096926   0.03337402642    | -17660.57812    
12/14/2025 23:31:49    656    | -17660.66992    0.003919029143  0.02141276374    | -17660.66602    
12/14/2025 23:31:49    657    | -17660.49219    0.00197855942   0.02795621008    | -17660.49023    
12/14/2025 23:31:49    658    | -17660.55078    0.02929858118   0.03088969551    | -17660.52148    
12/14/2025 23:31:49    659    | -17660.54297    0.01367553137   0.02909689024    | -17660.5293     
12/14/2025 23:31:49    660    | -17660.58203    0.003919029143  0.02364156023    | -17660.57812    
12/14/2025 23:31:49    661    | -17660.35547    0.01172301546   0.03125401959    | -17660.36719    
12/14/2025 23:31:49    662    | -17660.30859    0.02148670144   0.04453605041    | -17660.33008    
12/14/2025 23:31:49    663    | -17660.63281    0.01172301546   0.02083040774    | -17660.62109    
12/14/2025 23:31:49    664    | -17660.52344    0.003919029143  0.02644949965    | -17660.52734    
12/14/2025 23:31:49    665    | -17660.5625     0.005867902189  0.0240638908     | -17660.55664    
12/14/2025 23:31:49    666    | -17660.21484    0.01172301546   0.0311099235     | -17660.22656    
12/14/2025 23:31:49    667    | -17660.39648    0.01758096926   0.03036119975    | -17660.37891    
12/14/2025 23:31:49    668    | -17660.37695    0.009770743549  0.02665323205    | -17660.36719    
12/14/2025 23:31:49    669    | -17660.43945    0.007818897255  0.02803546377    | -17660.43164    
12/14/2025 23:31:49    670    | -17660.3125     0.01367553137   0.03125737235    | -17660.29883    
12/14/2025 23:31:49    671    | -17660.3457     0.02148670144   0.0304126665     | -17660.32422    
12/14/2025 23:31:49    672    | -17660.54102    0.01562820002   0.0285424795     | -17660.52539    
12/14/2025 23:31:49    673    | -17660.57617    0.007818897255  0.02507998608    | -17660.56836    
12/14/2025 23:31:49    674    | -17660.44336    0.009770743549  0.03501211852    | -17660.43359    
12/14/2025 23:31:49    675    | -17660.70312    0.003919029143  0.03085450828    | -17660.69922    
12/14/2025 23:31:49    676    | -17660.49023    0.005867902189  0.0290218927     | -17660.48438    
12/14/2025 23:31:49    677    | -17660.01367    0.03515767306   0.05557639152    | -17660.04883    
12/14/2025 23:31:49    678    | -17660.30859    0.00197855942   0.02904153615    | -17660.30664    
12/14/2025 23:31:49    679    | -17660.42773    0.005867902189  0.02771503292    | -17660.43359    
12/14/2025 23:31:49    680    | -17660.47461    0.003919029143  0.03404506668    | -17660.47852    
12/14/2025 23:31:49    681    | -17660.51172    0.00197855942   0.03568045795    | -17660.50977    
12/14/2025 23:31:49    682    | -17660.37305    0.01172301546   0.04100710154    | -17660.38477    
12/14/2025 23:31:50    683    | -17660.32227    0.009770743549  0.03430371359    | -17660.33203    
12/14/2025 23:31:50    684    | -17660.54492    0.01172301546   0.02599419095    | -17660.55664    
12/14/2025 23:31:50    685    | -17660.66992    0.01172301546   0.02531961165    | -17660.68164    
12/14/2025 23:31:50    686    | -17660.09961    0.0003162277571 0.04273188114    | -17660.09961    
12/14/2025 23:31:50    687    | -17660.41406    0.005867902189  0.0299295187     | -17660.41992    
12/14/2025 23:31:50    688    | -17660.70312    0.007818897255  0.02504859865    | -17660.71094    
12/14/2025 23:31:50    689    | -17660.49609    0.00197855942   0.02708611824    | -17660.49805    
12/14/2025 23:31:50    690    | -17660.44922    0.00197855942   0.03780956194    | -17660.44727    
12/14/2025 23:31:50    691    | -17660.38867    0.01562820002   0.0246245712     | -17660.37305    
12/14/2025 23:31:50    692    | -17660.31641    0.03711072356   0.03325149789    | -17660.2793     
12/14/2025 23:31:50    693    | -17660.38281    0.003919029143  0.05412526801    | -17660.37891    
12/14/2025 23:31:50    694    | -17660.51172    0.00197855942   0.02363816649    | -17660.51367    
12/14/2025 23:31:50    695    | -17660.5293     0.009770743549  0.02957847901    | -17660.53906    
12/14/2025 23:31:50    696    | -17660.70312    0.005867902189  0.01610725373    | -17660.70898    
12/14/2025 23:31:50    697    | -17660.56836    0.007818897255  0.02115032636    | -17660.57617    
12/14/2025 23:31:50    698    | -17660.61719    0.009770743549  0.02844679728    | -17660.62695    
12/14/2025 23:31:50    699    | -17660.38867    0.005867902189  0.03006619588    | -17660.39453    
12/14/2025 23:31:50    700    | -17660.57812    0.0003162277571 0.0218526721     | -17660.57812    
12/14/2025 23:31:50    701    | -17660.43555    0.009770743549  0.02449215017    | -17660.42578    
12/14/2025 23:31:50    702    | -17660.27734    0.02148670144   0.04842852801    | -17660.25586    
12/14/2025 23:31:50    703    | -17660.07617    0.01562820002   0.03518960625    | -17660.0918     
12/14/2025 23:31:50    704    | -17660.46289    0.003919029143  0.03009482101    | -17660.45898    
12/14/2025 23:31:50    705    | -17660.25781    0.01953380927   0.03411503509    | -17660.27734    
12/14/2025 23:31:50    706    | -17660.47461    0.003919029143  0.03371166065    | -17660.47852    
12/14/2025 23:31:50    707    | -17660.43555    0.00197855942   0.02189693972    | -17660.43359    
12/14/2025 23:31:50    708    | -17660.62891    0.01172301546   0.02769302763    | -17660.64062    
12/14/2025 23:31:50    709    | -17660.50781    0.005867902189  0.02588672005    | -17660.51367    
12/14/2025 23:31:51    710    | -17660.66406    0.009770743549  0.02094326727    | -17660.6543     
12/14/2025 23:31:51    711    | -17660.60938    0.003919029143  0.02215941995    | -17660.60547    
12/14/2025 23:31:51    712    | -17660.48828    0.007818897255  0.02023861371    | -17660.48047    
12/14/2025 23:31:51    713    | -17660.25586    0.00197855942   0.02027209848    | -17660.25391    
12/14/2025 23:31:51    714    | -17660.40625    0.02343963273   0.02186448872    | -17660.38281    
12/14/2025 23:31:51    715    | -17660.11719    0.007818897255  0.03318215907    | -17660.10938    
12/14/2025 23:31:51    716    | -17660.36914    0.01562820002   0.0384019129     | -17660.35352    
12/14/2025 23:31:51    717    | -17660.51562    0.005867902189  0.02054930665    | -17660.50977    
12/14/2025 23:31:51    718    | -17660.43359    0.01172301546   0.02722427063    | -17660.42188    
12/14/2025 23:31:51    719    | -17660.53516    0.0003162277571 0.02535810322    | -17660.53516    
12/14/2025 23:31:51    720    | -17660.31055    0.005867902189  0.03055753373    | -17660.30469    
12/14/2025 23:31:51    721    | -17660.59961    0.009770743549  0.01848478429    | -17660.60938    
12/14/2025 23:31:51    722    | -17660.53125    0.01172301546   0.03347964585    | -17660.54297    
12/14/2025 23:31:51    723    | -17660.60938    0.003919029143  0.02686823718    | -17660.61328    
12/14/2025 23:31:51    724    | -17660.53516    0.00197855942   0.02749418654    | -17660.53711    
12/14/2025 23:31:51    725    | -17660.66016    0.009770743549  0.02284654602    | -17660.65039    
12/14/2025 23:31:51    726    | -17660.49609    0.00197855942   0.02472533658    | -17660.49414    
12/14/2025 23:31:51    727    | -17660.24609    0.009770743549  0.02879218943    | -17660.23633    
12/14/2025 23:31:51    728    | -17660.67188    0.01172301546   0.02772258967    | -17660.66016    
12/14/2025 23:31:51    729    | -17660.20117    0.01172301546   0.03129908815    | -17660.18945    
12/14/2025 23:31:51    730    | -17660.44922    0.0003162277571 0.02757629566    | -17660.44922    
12/14/2025 23:31:51    731    | -17660.26562    0.005867902189  0.03009514697    | -17660.25977    
12/14/2025 23:31:51    732    | -17660.59375    0.00197855942   0.02725427225    | -17660.5957     
12/14/2025 23:31:51    733    | -17660.625      0.003919029143  0.02132017352    | -17660.62109    
12/14/2025 23:31:51    734    | -17660.35742    0.003919029143  0.02215015329    | -17660.35352    
12/14/2025 23:31:51    735    | -17660.41406    0.005867902189  0.02832019515    | -17660.4082     
12/14/2025 23:31:51    736    | -17660.33008    0.003919029143  0.02333872207    | -17660.32617    
12/14/2025 23:31:51    737    | -17660.76367    0.007818897255  0.0236525666     | -17660.75586    
12/14/2025 23:31:51    738    | -17660.50195    0.009770743549  0.02240587212    | -17660.49219    
12/14/2025 23:31:51    739    | -17660.37305    0.00197855942   0.02419427596    | -17660.375      
12/14/2025 23:31:51    740    | -17660.48242    0.009770743549  0.02850004286    | -17660.47266    
12/14/2025 23:31:52    741    | -17660.33789    0.003919029143  0.02975558303    | -17660.3418     
12/14/2025 23:31:52    742    | -17660.17969    0.007818897255  0.03547818214    | -17660.17188    
12/14/2025 23:31:52    743    | -17660.35742    0.007818897255  0.02496854961    | -17660.34961    
12/14/2025 23:31:52    744    | -17660.34375    0.01367553137   0.03184068948    | -17660.33008    
12/14/2025 23:31:52    745    | -17660.36523    0.00197855942   0.03837195411    | -17660.36328    
12/14/2025 23:31:52    746    | -17660.5625     0.00197855942   0.02607441507    | -17660.56055    
12/14/2025 23:31:52    747    | -17660.3457     0.007818897255  0.03018883616    | -17660.33789    
12/14/2025 23:31:52    748    | -17660.49414    0.01367553137   0.03359593451    | -17660.48047    
12/14/2025 23:31:52    749    | -17660.70703    0.01758096926   0.02758431621    | -17660.68945    
12/14/2025 23:31:52    750    | -17660.41602    0.00197855942   0.02534159832    | -17660.41406    
12/14/2025 23:31:52    751    | -17660.68945    0.003919029143  0.02285329998    | -17660.68555    
12/14/2025 23:31:52    752    | -17660.32227    0.005867902189  0.03140207753    | -17660.32812    
12/14/2025 23:31:52    753    | -17660.55859    0.003919029143  0.02137397975    | -17660.55469    
12/14/2025 23:31:52    754    | -17660.24219    0.0003162277571 0.02848315239    | -17660.24219    
12/14/2025 23:31:52    755    | -17660.1582     0.00197855942   0.02970511839    | -17660.16016    
12/14/2025 23:31:52    756    | -17660.41016    0.003919029143  0.02839144506    | -17660.41406    
12/14/2025 23:31:52    757    | -17660.50781    0.00197855942   0.02805630118    | -17660.50586    
12/14/2025 23:31:52    758    | -17660.54688    0.005867902189  0.02804762684    | -17660.54102    
12/14/2025 23:31:52    759    | -17660.50195    0.003919029143  0.02535878681    | -17660.49805    
12/14/2025 23:31:52    760    | -17660.48828    0.003919029143  0.01879130863    | -17660.48438    
12/14/2025 23:31:52    761    | -17660.67578    0.003919029143  0.01886951178    | -17660.67188    
12/14/2025 23:31:52    762    | -17660.49805    0.007818897255  0.0287626069     | -17660.49023    
12/14/2025 23:31:52    763    | -17660.38281    0.007818897255  0.02976129949    | -17660.375      
12/14/2025 23:31:52    764    | -17660.69141    0.009770743549  0.01924988069    | -17660.68164    
12/14/2025 23:31:52    765    | -17660.39844    0.01758096926   0.02918215841    | -17660.41602    
12/14/2025 23:31:52    766    | -17660.70703    0.009770743549  0.0201580096     | -17660.69727    
12/14/2025 23:31:52    767    | -17660.52344    0.007818897255  0.01890377887    | -17660.51562    
12/14/2025 23:31:52    768    | -17660.30078    0.009770743549  0.03279206902    | -17660.29102    
12/14/2025 23:31:52    769    | -17660.16406    0.005867902189  0.03122420236    | -17660.16992    
12/14/2025 23:31:52    770    | -17660.40039    0.003919029143  0.02625149116    | -17660.39648    
12/14/2025 23:31:53    771    | -17660.48047    0.007818897255  0.02907501161    | -17660.47266    
12/14/2025 23:31:53    772    | -17660.47461    0.00197855942   0.01957270503    | -17660.47266    
12/14/2025 23:31:53    773    | -17660.1875     0.009770743549  0.03724427149    | -17660.17773    
12/14/2025 23:31:53    774    | -17660.48828    0.009770743549  0.03258695826    | -17660.49805    
12/14/2025 23:31:53    775    | -17660.22656    0.0390637815    0.04360921308    | -17660.1875     
12/14/2025 23:31:53    776    | -17660.5        0.005867902189  0.02332372963    | -17660.50586    
12/14/2025 23:31:53    777    | -17660.71484    0.005867902189  0.02124259248    | -17660.7207     
12/14/2025 23:31:53    778    | -17660.44336    0.01758096926   0.03156836703    | -17660.46094    
12/14/2025 23:31:53    779    | -17660.47266    0.00197855942   0.02869752608    | -17660.4707     
12/14/2025 23:31:53    780    | -17660.35547    0.009770743549  0.03455851227    | -17660.36523    
12/14/2025 23:31:53    781    | -17660.71875    0.00197855942   0.02506596595    | -17660.7207     
12/14/2025 23:31:53    782    | -17660.3457     0.003919029143  0.05574065447    | -17660.34961    
12/14/2025 23:31:53    783    | -17660.50391    0.003919029143  0.02223758399    | -17660.5        
12/14/2025 23:31:53    784    | -17660.5918     0.00197855942   0.03319487348    | -17660.59375    
12/14/2025 23:31:53    785    | -17660.54102    0.0003162277571 0.02509353496    | -17660.54102    
12/14/2025 23:31:53    786    | -17660.57031    0.0003162277571 0.01862839609    | -17660.57031    
12/14/2025 23:31:53    787    | -17660.18164    0.003919029143  0.02944954857    | -17660.17773    
12/14/2025 23:31:53    788    | -17660.47852    0.01172301546   0.01971888915    | -17660.49023    
12/14/2025 23:31:53    789    | -17660.55664    0.01953380927   0.02940337919    | -17660.53711    
12/14/2025 23:31:53    790    | -17660.60352    0.01172301546   0.01945441589    | -17660.5918     
12/14/2025 23:31:53    791    | -17660.66797    0.009770743549  0.02399985678    | -17660.6582     
12/14/2025 23:31:53    792    | -17660.61133    0.01172301546   0.03372170776    | -17660.59961    
12/14/2025 23:31:53    793    | -17660.51953    0.01367553137   0.02717331983    | -17660.50586    
12/14/2025 23:31:53    794    | -17660.45898    0.007818897255  0.02842022292    | -17660.45117    
12/14/2025 23:31:53    795    | -17660.42969    0.01367553137   0.03004445508    | -17660.44336    
12/14/2025 23:31:53    796    | -17660.5293     0.00197855942   0.02887055278    | -17660.53125    
12/14/2025 23:31:53    797    | -17660.33203    0.01172301546   0.02772170305    | -17660.34375    
12/14/2025 23:31:53    798    | -17660.67383    0.01367553137   0.02946880087    | -17660.66016    
12/14/2025 23:31:53    799    | -17660.52734    0.005867902189  0.02664403617    | -17660.5332     
12/14/2025 23:31:53    800    | -17660.14648    0.005867902189  0.02864795923    | -17660.15234    
12/14/2025 23:31:54    801    | -17660.52148    0.003919029143  0.02886218764    | -17660.51758    
12/14/2025 23:31:54    802    | -17660.26172    0.007818897255  0.03176196292    | -17660.26953    
12/14/2025 23:31:54    803    | -17660.12305    0.007818897255  0.03269076347    | -17660.13086    
12/14/2025 23:31:54    804    | -17660.69727    0.0003162277571 0.01983396895    | -17660.69727    
12/14/2025 23:31:54    805    | -17660.56641    0.003919029143  0.02521248721    | -17660.5625     
12/14/2025 23:31:54    806    | -17660.57617    0.00197855942   0.02257937752    | -17660.57422    
12/14/2025 23:31:54    807    | -17660.44531    0.00197855942   0.03655625507    | -17660.44336    
12/14/2025 23:31:54    808    | -17660.57031    0.005867902189  0.02590738796    | -17660.56445    
12/14/2025 23:31:54    809    | -17660.51172    0.01367553137   0.02753335238    | -17660.52539    
12/14/2025 23:31:54    810    | -17660.13477    0.009770743549  0.03143711761    | -17660.125      
12/14/2025 23:31:54    811    | -17660.14062    0.005867902189  0.0306864325     | -17660.14648    
12/14/2025 23:31:54    812    | -17660.45312    0.009770743549  0.0240173284     | -17660.44336    
12/14/2025 23:31:54    813    | -17660.57617    0.003919029143  0.03330168501    | -17660.57227    
12/14/2025 23:31:54    814    | -17660.53125    0.007818897255  0.02464193851    | -17660.52344    
12/14/2025 23:31:54    815    | -17660.63672    0.0003162277571 0.02351352386    | -17660.63672    
12/14/2025 23:31:54    816    | -17660.57812    0.009770743549  0.02985154092    | -17660.56836    
12/14/2025 23:31:54    817    | -17660.61328    0.009770743549  0.0243777968     | -17660.60352    
12/14/2025 23:31:54    818    | -17660.66992    0.009770743549  0.0198489707     | -17660.66016    
12/14/2025 23:31:54    819    | -17660.58594    0.00197855942   0.02353762835    | -17660.58398    
12/14/2025 23:31:54    820    | -17660.60352    0.00197855942   0.01885843836    | -17660.60156    
12/14/2025 23:31:54    821    | -17660.63281    0.003919029143  0.0253593307     | -17660.62891    
12/14/2025 23:31:54    822    | -17660.69141    0.01953380927   0.02906487323    | -17660.67188    
12/14/2025 23:31:54    823    | -17660.5        0.00197855942   0.02534732968    | -17660.49805    
12/14/2025 23:31:54    824    | -17660.36523    0.01562820002   0.03047732636    | -17660.34961    
12/14/2025 23:31:54    825    | -17660.60156    0.00197855942   0.02282739244    | -17660.59961    
12/14/2025 23:31:54    826    | -17660.51562    0.007818897255  0.02624173835    | -17660.50781    
12/14/2025 23:31:54    827    | -17660.57617    0.01172301546   0.02084909193    | -17660.56445    
12/14/2025 23:31:54    828    | -17660.68555    0.005867902189  0.01653119363    | -17660.67969    
12/14/2025 23:31:54    829    | -17660.55859    0.007818897255  0.02474296093    | -17660.55078    
12/14/2025 23:31:55    830    | -17660.55273    0.009770743549  0.02067094855    | -17660.54297    
12/14/2025 23:31:55    831    | -17660.23633    0.02343963273   0.02666212805    | -17660.21289    
12/14/2025 23:31:55    832    | -17660.38477    0.00197855942   0.02764565684    | -17660.38672    
12/14/2025 23:31:55    833    | -17660          0.00197855942   0.04094772413    | -17659.99805    
12/14/2025 23:31:55    834    | -17660.29297    0.01172301546   0.02675882541    | -17660.28125    
12/14/2025 23:31:55    835    | -17660.47656    0.00197855942   0.02124667913    | -17660.47461    
12/14/2025 23:31:55    836    | -17660.4043     0.007818897255  0.03008843772    | -17660.41211    
12/14/2025 23:31:55    837    | -17660.3418     0.007818897255  0.0317299962     | -17660.34961    
12/14/2025 23:31:55    838    | -17660.35742    0.005867902189  0.02433795668    | -17660.35156    
12/14/2025 23:31:55    839    | -17660.4043     0.01758096926   0.02912491933    | -17660.38672    
12/14/2025 23:31:55    840    | -17660.40234    0.00197855942   0.03456363454    | -17660.40039    
12/14/2025 23:31:55    841    | -17660.42188    0.00197855942   0.03134289756    | -17660.41992    
12/14/2025 23:31:55    842    | -17660.58203    0.009770743549  0.03253078461    | -17660.57227    
12/14/2025 23:31:55    843    | -17660.44922    0.02148670144   0.02673336864    | -17660.42773    
12/14/2025 23:31:55    844    | -17660.42383    0.01172301546   0.02834064327    | -17660.41211    
12/14/2025 23:31:55    845    | -17660.25977    0.009770743549  0.03339707479    | -17660.25       
12/14/2025 23:31:55    846    | -17660.32617    0.009770743549  0.02974889986    | -17660.31641    
12/14/2025 23:31:55    847    | -17660.61133    0.003919029143  0.02294344082    | -17660.60742    
12/14/2025 23:31:55    848    | -17660.35156    0.007818897255  0.02513292432    | -17660.35938    
12/14/2025 23:31:55    849    | -17660.71875    0.01367553137   0.02125798911    | -17660.73242    
12/14/2025 23:31:55    850    | -17660.49414    0.01367553137   0.03022728488    | -17660.48047    
12/14/2025 23:31:55    851    | -17660.57812    0.00197855942   0.02562522702    | -17660.58008    
12/14/2025 23:31:55    852    | -17660.25977    0.005867902189  0.03257253394    | -17660.26562    
12/14/2025 23:31:55    853    | -17660.44727    0.009770743549  0.0311133936     | -17660.45703    
12/14/2025 23:31:55    854    | -17660.22656    0.01367553137   0.04102788866    | -17660.24023    
12/14/2025 23:31:55    855    | -17660.26367    0.003919029143  0.03211822733    | -17660.26758    
12/14/2025 23:31:55    856    | -17660.00586    0.00197855942   0.03744088858    | -17660.00391    
12/14/2025 23:31:55    857    | -17660.35352    0.01758096926   0.02963037044    | -17660.33594    
12/14/2025 23:31:55    858    | -17660.46289    0.007818897255  0.03090679832    | -17660.45508    
12/14/2025 23:31:55    859    | -17660.39062    0.005867902189  0.02805325016    | -17660.39648    
12/14/2025 23:31:56    860    | -17660.29492    0.0003162277571 0.03222865984    | -17660.29492    
12/14/2025 23:31:56    861    | -17660.49219    0.003919029143  0.02698300034    | -17660.48828    
12/14/2025 23:31:56    862    | -17660.24609    0.003919029143  0.03044781834    | -17660.25       
12/14/2025 23:31:56    863    | -17660.36914    0.007818897255  0.03643401712    | -17660.36133    
12/14/2025 23:31:56    864    | -17660.30664    0.003919029143  0.03131218255    | -17660.30273    
12/14/2025 23:31:56    865    | -17660.16602    0.01562820002   0.04143913835    | -17660.15039    
12/14/2025 23:31:56    866    | -17660.50781    0.0003162277571 0.02211962081    | -17660.50781    
12/14/2025 23:31:56    867    | -17660.42969    0.01172301546   0.03083725832    | -17660.41797    
12/14/2025 23:31:56    868    | -17660.39062    0.005867902189  0.02543619648    | -17660.38477    
12/14/2025 23:31:56    869    | -17660.64453    0.00197855942   0.02850513719    | -17660.64258    
12/14/2025 23:31:56    870    | -17660.47461    0.01172301546   0.02862940356    | -17660.46289    
12/14/2025 23:31:56    871    | -17660.38477    0.003919029143  0.02853972837    | -17660.38086    
12/14/2025 23:31:56    872    | -17660.64453    0.0003162277571 0.02453491278    | -17660.64453    
12/14/2025 23:31:56    873    | -17660.22266    0.0003162277571 0.02533305809    | -17660.22266    
12/14/2025 23:31:56    874    | -17660.39062    0.00197855942   0.03549564257    | -17660.39258    
12/14/2025 23:31:56    875    | -17660.49023    0.01562820002   0.02941115201    | -17660.47461    
12/14/2025 23:31:56    876    | -17660.47852    0.01758096926   0.02907017991    | -17660.46094    
12/14/2025 23:31:56    877    | -17660.31445    0.01953380927   0.04243290797    | -17660.29492    
12/14/2025 23:31:56    878    | -17660          0.01367553137   0.04612054303    | -17660.01367    
12/14/2025 23:31:56    879    | -17660.34766    0.01562820002   0.03748483211    | -17660.33203    
12/14/2025 23:31:56    880    | -17660.19141    0.01758096926   0.0351193659     | -17660.17383    
12/14/2025 23:31:56    881    | -17660.13672    0.003919029143  0.03097273596    | -17660.13281    
12/14/2025 23:31:56    882    | -17660.31836    0.01367553137   0.03697316349    | -17660.30469    
12/14/2025 23:31:56    883    | -17660.23828    0.00197855942   0.03668258339    | -17660.24023    
12/14/2025 23:31:56    884    | -17660.26562    0.01172301546   0.04294230416    | -17660.27734    
12/14/2025 23:31:56    885    | -17660.4668     0.00197855942   0.03498625755    | -17660.46484    
12/14/2025 23:31:56    886    | -17660.44531    0.007818897255  0.04084833339    | -17660.45312    
12/14/2025 23:31:56    887    | -17660.41602    0.005867902189  0.06073412672    | -17660.42188    
12/14/2025 23:31:56    888    | -17660.39453    0.01172301546   0.02933995798    | -17660.40625    
12/14/2025 23:31:56    889    | -17660.375      0.009770743549  0.03216804564    | -17660.38477    
12/14/2025 23:31:57    890    | -17660.71289    0.02148670144   0.03412787244    | -17660.73438    
12/14/2025 23:31:57    891    | -17660.4043     0.01758096926   0.03107939847    | -17660.42188    
12/14/2025 23:31:57    892    | -17660.5918     0.02539259382   0.04677428678    | -17660.61719    
12/14/2025 23:31:57    893    | -17660.16406    0.04687606543   0.03578053787    | -17660.21094    
12/14/2025 23:31:57    894    | -17660.43555    0.05078223348   0.03021572717    | -17660.48633    
12/14/2025 23:31:57    895    | -17660.38086    0.00197855942   0.0357430093     | -17660.37891    
12/14/2025 23:31:57    896    | -17659.86133    0.00197855942   0.03936226293    | -17659.86328    
12/14/2025 23:31:57    897    | -17660.55078    0.00197855942   0.02330189943    | -17660.54883    
12/14/2025 23:31:57    898    | -17660.27148    0.007818897255  0.03366430849    | -17660.26367    
12/14/2025 23:31:57    899    | -17660.11133    0.02734557912   0.05465334281    | -17660.13867    
12/14/2025 23:31:57    900    | -17660.43555    0.00197855942   0.02990018949    | -17660.43359    
12/14/2025 23:31:57    901    | -17660.35547    0.01367553137   0.03387180343    | -17660.3418     
12/14/2025 23:31:57    902    | -17660.41602    0.01172301546   0.03109653108    | -17660.4043     
12/14/2025 23:31:57    903    | -17660.4707     0.0003162277571 0.02227221243    | -17660.4707     
12/14/2025 23:31:57    904    | -17660.44727    0.005867902189  0.02607562393    | -17660.44141    
12/14/2025 23:31:57    905    | -17660.60352    0.02343963273   0.03647081554    | -17660.62695    
12/14/2025 23:31:57    906    | -17660.5332     0.00197855942   0.03216708079    | -17660.53125    
12/14/2025 23:31:57    907    | -17660.32227    0.02539259382   0.04701676965    | -17660.34766    
12/14/2025 23:31:57    908    | -17660.37109    0.02539259382   0.02981321327    | -17660.39648    
12/14/2025 23:31:57    909    | -17660.30469    0.01367553137   0.02985834889    | -17660.31836    
12/14/2025 23:31:57    910    | -17660.59766    0.003919029143  0.02930623852    | -17660.59375    
12/14/2025 23:31:57    911    | -17660.26562    0.003919029143  0.03625720739    | -17660.26953    
12/14/2025 23:31:57    912    | -17660.36133    0.01367553137   0.03667128459    | -17660.375      
12/14/2025 23:31:57    913    | -17660.41992    0.02148670144   0.04128751904    | -17660.44141    
12/14/2025 23:31:57    914    | -17660.43555    0.0003162277571 0.03865974396    | -17660.43555    
12/14/2025 23:31:57    915    | -17660.60938    0.0003162277571 0.03294724226    | -17660.60938    
12/14/2025 23:31:57    916    | -17660.45312    0.005867902189  0.02630013973    | -17660.44727    
12/14/2025 23:31:58    917    | -17660.38477    0.01367553137   0.02597671188    | -17660.39844    
12/14/2025 23:31:58    918    | -17660.41016    0.00197855942   0.04285738617    | -17660.41211    
12/14/2025 23:31:58    919    | -17660.40234    0.003919029143  0.03988191485    | -17660.39844    
12/14/2025 23:31:58    920    | -17660.50195    0.00197855942   0.03099039569    | -17660.50391    
12/14/2025 23:31:58    921    | -17660.20898    0.02148670144   0.03433359787    | -17660.23047    
12/14/2025 23:31:58    922    | -17660.35156    0.009770743549  0.02950728498    | -17660.36133    
12/14/2025 23:31:58    923    | -17660.31055    0.01758096926   0.03469031677    | -17660.32812    
12/14/2025 23:31:58    924    | -17660.30859    0.005867902189  0.03157299012    | -17660.31445    
12/14/2025 23:31:58    925    | -17660.33984    0.009770743549  0.03737002239    | -17660.34961    
12/14/2025 23:31:58    926    | -17660.44141    0.005867902189  0.02491666563    | -17660.44727    
12/14/2025 23:31:58    927    | -17660.58008    0.0003162277571 0.02954433486    | -17660.58008    
12/14/2025 23:31:58    928    | -17660.44922    0.02539259382   0.03610510007    | -17660.47461    
12/14/2025 23:31:58    929    | -17660.05859    0.00197855942   0.04171608761    | -17660.05664    
12/14/2025 23:31:58    930    | -17660.4375     0.0003162277571 0.02679220773    | -17660.4375     
12/14/2025 23:31:58    931    | -17660.44727    0.01758096926   0.02831756882    | -17660.46484    
12/14/2025 23:31:58    932    | -17660.41406    0.005867902189  0.02818674594    | -17660.41992    
12/14/2025 23:31:58    933    | -17660.51758    0.007818897255  0.02575926483    | -17660.50977    
12/14/2025 23:31:58    934    | -17660.33203    0.0003162277571 0.03035696596    | -17660.33203    
12/14/2025 23:31:58    935    | -17660.15625    0.003919029143  0.03258330002    | -17660.15234    
12/14/2025 23:31:58    936    | -17660.17578    0.0003162277571 0.02823447809    | -17660.17578    
12/14/2025 23:31:58    937    | -17660.32422    0.009770743549  0.02178648114    | -17660.31445    
12/14/2025 23:31:58    938    | -17660.25195    0.00197855942   0.03061502986    | -17660.25       
12/14/2025 23:31:58    939    | -17660.23633    0.005867902189  0.02743845619    | -17660.23047    
12/14/2025 23:31:58    940    | -17660.52734    0.01172301546   0.02325478755    | -17660.51562    
12/14/2025 23:31:58    941    | -17660.23633    0.01172301546   0.04793955013    | -17660.24805    
12/14/2025 23:31:58    942    | -17660.56836    0.007818897255  0.03271493316    | -17660.56055    
12/14/2025 23:31:58    943    | -17660.75391    0.01367553137   0.02101422474    | -17660.76758    
12/14/2025 23:31:58    944    | -17660.35938    0.02343963273   0.02580441535    | -17660.38281    
12/14/2025 23:31:58    945    | -17660.35547    0.02539259382   0.03019222431    | -17660.38086    
12/14/2025 23:31:58    946    | -17660.36328    0.009770743549  0.03462979943    | -17660.35352    
12/14/2025 23:31:59    947    | -17660.32031    0.0003162277571 0.03365141153    | -17660.32031    
12/14/2025 23:31:59    948    | -17660.31641    0.007818897255  0.02945623361    | -17660.30859    
12/14/2025 23:31:59    949    | -17660.2793     0.00197855942   0.02774010599    | -17660.28125    
12/14/2025 23:31:59    950    | -17660.17383    0.01758096926   0.02676947787    | -17660.19141    
12/14/2025 23:31:59    951    | -17660.60156    0.00197855942   0.02220737748    | -17660.60352    
12/14/2025 23:31:59    952    | -17660.48633    0.007818897255  0.03802145645    | -17660.49414    
12/14/2025 23:31:59    953    | -17660.38477    0.01562820002   0.02460861765    | -17660.40039    
12/14/2025 23:31:59    954    | -17660.36328    0.007818897255  0.02989417873    | -17660.37109    
12/14/2025 23:31:59    955    | -17660.14844    0.01172301546   0.03879714757    | -17660.13672    
12/14/2025 23:31:59    956    | -17660.39844    0.01953380927   0.02328554168    | -17660.37891    
12/14/2025 23:31:59    957    | -17660.34961    0.003919029143  0.03089904413    | -17660.35352    
12/14/2025 23:31:59    958    | -17660.4082     0.005867902189  0.03124036081    | -17660.40234    
12/14/2025 23:31:59    959    | -17660.46289    0.01953380927   0.02634305507    | -17660.44336    
12/14/2025 23:31:59    960    | -17660.29492    0.01953380927   0.03561622277    | -17660.27539    
12/14/2025 23:31:59    961    | -17660.08203    0.005867902189  0.03907515109    | -17660.07617    
12/14/2025 23:31:59    962    | -17660.25391    0.01953380927   0.03918013349    | -17660.23438    
12/14/2025 23:31:59    963    | -17660.3125     0.00197855942   0.0287809521     | -17660.31055    
12/14/2025 23:31:59    964    | -17660.16016    0.00197855942   0.03953303397    | -17660.1582     
12/14/2025 23:31:59    965    | -17659.97852    0.01172301546   0.04490603134    | -17659.9668     
12/14/2025 23:31:59    966    | -17660.52734    0.01172301546   0.03479652479    | -17660.51562    
12/14/2025 23:31:59    967    | -17660.48633    0.003919029143  0.03821577504    | -17660.49023    
12/14/2025 23:31:59    968    | -17660.3457     0.0003162277571 0.03381380439    | -17660.3457     
12/14/2025 23:31:59    969    | -17660.35742    0.01172301546   0.03754363582    | -17660.3457     
12/14/2025 23:31:59    970    | -17660.55664    0.01367553137   0.02954677492    | -17660.54297    
12/14/2025 23:31:59    971    | -17660.11719    0.00197855942   0.04381199181    | -17660.11523    
12/14/2025 23:31:59    972    | -17660.49805    0.02148670144   0.03054136783    | -17660.47656    
12/14/2025 23:31:59    973    | -17660.4082     0.01953380927   0.02838251553    | -17660.38867    
12/14/2025 23:31:59    974    | -17660.50781    0.005867902189  0.02388246357    | -17660.50195    
12/14/2025 23:31:59    975    | -17660.33984    0.0003162277571 0.02668144926    | -17660.33984    
12/14/2025 23:31:59    976    | -17660.45703    0.005867902189  0.02888859436    | -17660.46289    
12/14/2025 23:32:00    977    | -17660.56836    0.007818897255  0.02365499735    | -17660.56055    
12/14/2025 23:32:00    978    | -17660.44531    0.007818897255  0.03054290451    | -17660.4375     
12/14/2025 23:32:00    979    | -17660.30273    0.02343963273   0.0444711633     | -17660.2793     
12/14/2025 23:32:00    980    | -17660.30664    0.01172301546   0.06210529432    | -17660.31836    
12/14/2025 23:32:00    981    | -17660.33594    0.02929858118   0.03516564891    | -17660.30664    
12/14/2025 23:32:00    982    | -17660.51367    0.01172301546   0.03329980373    | -17660.50195    
12/14/2025 23:32:00    983    | -17660.2832     0.009770743549  0.03904671222    | -17660.29297    
12/14/2025 23:32:00    984    | -17660.16016    0.00197855942   0.03247403726    | -17660.16211    
12/14/2025 23:32:00    985    | -17660.22461    0.02343963273   0.0444935821     | -17660.24805    
12/14/2025 23:32:00    986    | -17660.54883    0.007818897255  0.03065576777    | -17660.54102    
12/14/2025 23:32:00    987    | -17660.60938    0.00197855942   0.0391792357     | -17660.60742    
12/14/2025 23:32:00    988    | -17660.41406    0.01367553137   0.03039347008    | -17660.42773    
12/14/2025 23:32:00    989    | -17660.51562    0.005867902189  0.02513678186    | -17660.52148    
12/14/2025 23:32:00    990    | -17660.5918     0.009770743549  0.0206676051     | -17660.60156    
12/14/2025 23:32:00    991    | -17660.52344    0.007818897255  0.03497187048    | -17660.53125    
12/14/2025 23:32:00    992    | -17660.67969    0.009770743549  0.02453545295    | -17660.68945    
12/14/2025 23:32:00    993    | -17660.55664    0.0003162277571 0.02988482825    | -17660.55664    
12/14/2025 23:32:00    994    | -17660.45703    0.007818897255  0.02581656352    | -17660.46484    
12/14/2025 23:32:00    995    | -17660.59961    0.007818897255  0.0257982742     | -17660.60742    
12/14/2025 23:32:00    996    | -17660.53711    0.00197855942   0.02465298027    | -17660.53906    
12/14/2025 23:32:00    997    | -17660.36914    0.02148670144   0.02788758092    | -17660.34766    
12/14/2025 23:32:00    998    | -17660.57031    0.00197855942   0.02946032211    | -17660.56836    
12/14/2025 23:32:00    999    | -17660.42773    0.00197855942   0.02753985673    | -17660.42578    
12/14/2025 23:32:00    1000   | -17660.54297    0.009770743549  0.02153114602    | -17660.5332     
12/14/2025 23:32:00    1001   | -17660.39844    0.01758096926   0.0378023535     | -17660.41602    
12/14/2025 23:32:00    1002   | -17660.36719    0.00197855942   0.02585637011    | -17660.36523    
12/14/2025 23:32:00    1003   | -17660.54492    0.009770743549  0.02315128967    | -17660.55469    
12/14/2025 23:32:01    1004   | -17660.50977    0.007818897255  0.03035304323    | -17660.50195    
12/14/2025 23:32:01    1005   | -17660.59961    0.00197855942   0.03006858006    | -17660.60156    
12/14/2025 23:32:01    1006   | -17660.55859    0.005867902189  0.0254867468     | -17660.55273    
12/14/2025 23:32:01    1007   | -17660.57812    0.01562820002   0.03238108754    | -17660.5625     
12/14/2025 23:32:01    1008   | -17660.45898    0.01172301546   0.02955873497    | -17660.44727    
12/14/2025 23:32:01    1009   | -17660.49414    0.01367553137   0.02978559397    | -17660.48047    
12/14/2025 23:32:01    1010   | -17660.67773    0.01367553137   0.02529213391    | -17660.66406    
12/14/2025 23:32:01    1011   | -17660.50195    0.003919029143  0.02714320458    | -17660.50586    
12/14/2025 23:32:01    1012   | -17660.42188    0.02343963273   0.03070775233    | -17660.39844    
12/14/2025 23:32:01    1013   | -17660.62109    0.007818897255  0.02767786756    | -17660.61328    
12/14/2025 23:32:01    1014   | -17660.52344    0.007818897255  0.02048949525    | -17660.51562    
12/14/2025 23:32:01    1015   | -17660.54883    0.007818897255  0.02629227005    | -17660.54102    
12/14/2025 23:32:01    1016   | -17660.60547    0.003919029143  0.02862989716    | -17660.60938    
12/14/2025 23:32:01    1017   | -17660.57812    0.00197855942   0.02574016899    | -17660.58008    
12/14/2025 23:32:01    1018   | -17660.33789    0.009770743549  0.03554023057    | -17660.32812    
12/14/2025 23:32:01    1019   | -17660.00195    0.01953380927   0.03482059762    | -17660.02148    
12/14/2025 23:32:01    1020   | -17660.67383    0.007818897255  0.02101830952    | -17660.66602    
12/14/2025 23:32:01    1021   | -17660.26367    0.009770743549  0.02521554567    | -17660.27344    
12/14/2025 23:32:01    1022   | -17660.18359    0.01367553137   0.03104234114    | -17660.19727    
12/14/2025 23:32:01    1023   | -17660.45312    0.007818897255  0.02267492563    | -17660.46094    
12/14/2025 23:32:01    1024   | -17660.59961    0.009770743549  0.02168603428    | -17660.60938    
12/14/2025 23:32:01    1025   | -17660.38477    0.0390637815    0.04357529804    | -17660.42383    
12/14/2025 23:32:01    1026   | -17660.68945    0.01758096926   0.02857342735    | -17660.70703    
12/14/2025 23:32:01    1027   | -17660.15039    0.02539259382   0.04593680426    | -17660.17578    
12/14/2025 23:32:01    1028   | -17660.44336    0.01367553137   0.02768284269    | -17660.45703    
12/14/2025 23:32:01    1029   | -17660.7168     0.01953380927   0.022280192      | -17660.73633    
12/14/2025 23:32:01    1030   | -17660.58008    0.03320463002   0.0303507112     | -17660.61328    
12/14/2025 23:32:01    1031   | -17660.40234    0.03125159815   0.02816132456    | -17660.43359    
12/14/2025 23:32:01    1032   | -17660.64648    0.005867902189  0.02534871735    | -17660.65234    
12/14/2025 23:32:01    1033   | -17660.78125    0.02343963273   0.03432099894    | -17660.80469    
12/14/2025 23:32:02    1034   | -17660.63477    0.02539259382   0.02705331333    | -17660.66016    
12/14/2025 23:32:02    1035   | -17660.33398    0.04296991229   0.04017433524    | -17660.37695    
12/14/2025 23:32:02    1036   | -17660.35547    0.01562820002   0.0271389056     | -17660.37109    
12/14/2025 23:32:02    1037   | -17660.39062    0.01758096926   0.03194035962    | -17660.4082     
12/14/2025 23:32:02    1038   | -17660.24805    0.01562820002   0.03147890791    | -17660.26367    
12/14/2025 23:32:02    1039   | -17660.77539    0.009770743549  0.0259814132     | -17660.78516    
12/14/2025 23:32:02    1040   | -17659.86523    0.003919029143  0.04038795084    | -17659.86914    
12/14/2025 23:32:02    1041   | -17660.07227    0.005867902189  0.03987440094    | -17660.07812    
12/14/2025 23:32:02    1042   | -17660.3457     0.02148670144   0.02418842725    | -17660.32422    
12/14/2025 23:32:02    1043   | -17660.32617    0.02929858118   0.02376499027    | -17660.29688    
12/14/2025 23:32:02    1044   | -17660.46289    0.005867902189  0.03578906134    | -17660.46875    
12/14/2025 23:32:02    1045   | -17660.53711    0.003919029143  0.0291351825     | -17660.5332     
12/14/2025 23:32:02    1046   | -17660.26953    0.01562820002   0.03157266602    | -17660.25391    
12/14/2025 23:32:02    1047   | -17660.29102    0.02539259382   0.03082842194    | -17660.26562    
12/14/2025 23:32:02    1048   | -17660.52539    0.003919029143  0.02189465053    | -17660.52148    
12/14/2025 23:32:02    1049   | -17660.64844    0.007818897255  0.03070187569    | -17660.64062    
12/14/2025 23:32:02    1050   | -17660.38867    0.005867902189  0.03610219061    | -17660.39453    
12/14/2025 23:32:02    1051   | -17660.55469    0.01758096926   0.02986107953    | -17660.53711    
12/14/2025 23:32:02    1052   | -17660.5625     0.007818897255  0.04745842144    | -17660.57031    
12/14/2025 23:32:02    1053   | -17660.33203    0.0003162277571 0.03633379564    | -17660.33203    
12/14/2025 23:32:02    1054   | -17660.46484    0.005867902189  0.0293042101     | -17660.4707     
12/14/2025 23:32:02    1055   | -17660.2832     0.00197855942   0.02428779192    | -17660.28516    
12/14/2025 23:32:02    1056   | -17660.14453    0.01172301546   0.0483366251     | -17660.13281    
12/14/2025 23:32:02    1057   | -17660.6582     0.005867902189  0.0314316228     | -17660.65234    
12/14/2025 23:32:02    1058   | -17660.38086    0.01172301546   0.02650156058    | -17660.36914    
12/14/2025 23:32:02    1059   | -17660.57812    0.00197855942   0.02468685247    | -17660.57617    
12/14/2025 23:32:02    1060   | -17660.58984    0.009770743549  0.0317770727     | -17660.58008    
12/14/2025 23:32:02    1061   | -17660.37109    0.00197855942   0.02509665675    | -17660.36914    
12/14/2025 23:32:02    1062   | -17660.03711    0.009770743549  0.04624379054    | -17660.02734    
12/14/2025 23:32:02    1063   | -17660.46094    0.007818897255  0.03036670573    | -17660.45312    
12/14/2025 23:32:02    1064   | -17660.5332     0.005867902189  0.02781879529    | -17660.52734    
12/14/2025 23:32:03    1065   | -17660.2793     0.02148670144   0.03423077986    | -17660.25781    
12/14/2025 23:32:03    1066   | -17660.61523    0.00197855942   0.02160909213    | -17660.61719    
12/14/2025 23:32:03    1067   | -17660.23828    0.01758096926   0.03184966743    | -17660.2207     
12/14/2025 23:32:03    1068   | -17660.29688    0.02539259382   0.04995585978    | -17660.27148    
12/14/2025 23:32:03    1069   | -17660.57617    0.005867902189  0.03413269296    | -17660.58203    
12/14/2025 23:32:03    1070   | -17660.48242    0.003919029143  0.03928911686    | -17660.48633    
12/14/2025 23:32:03    1071   | -17660.60938    0.003919029143  0.02803086862    | -17660.61328    
12/14/2025 23:32:03    1072   | -17660.29492    0.009770743549  0.04339166731    | -17660.30469    
12/14/2025 23:32:03    1073   | -17660.57227    0.003919029143  0.023307411      | -17660.57617    
12/14/2025 23:32:03    1074   | -17660.56641    0.01758096926   0.02774785832    | -17660.58398    
12/14/2025 23:32:03    1075   | -17660.61133    0.005867902189  0.02724971063    | -17660.60547    
12/14/2025 23:32:03    1076   | -17660.49023    0.00197855942   0.03525773436    | -17660.49219    
12/14/2025 23:32:03    1077   | -17660.43945    0.02734557912   0.03418025374    | -17660.4668     
12/14/2025 23:32:03    1078   | -17660.3125     0.005867902189  0.0304939393     | -17660.31836    
12/14/2025 23:32:03    1079   | -17660.43945    0.01172301546   0.01942327805    | -17660.42773    
12/14/2025 23:32:03    1080   | -17660.32812    0.01758096926   0.024089057      | -17660.31055    
12/14/2025 23:32:03    1081   | -17660.82812    0.01367553137   0.02224637195    | -17660.81445    
12/14/2025 23:32:03    1082   | -17660.25781    0.02148670144   0.02833044156    | -17660.23633    
12/14/2025 23:32:03    1083   | -17660.10938    0.00197855942   0.03537976742    | -17660.10742    
12/14/2025 23:32:03    1084   | -17660.32227    0.003919029143  0.03328539804    | -17660.32617    
12/14/2025 23:32:03    1085   | -17660.62305    0.00197855942   0.02437187545    | -17660.62109    
12/14/2025 23:32:03    1086   | -17660.45898    0.02343963273   0.02584973164    | -17660.43555    
12/14/2025 23:32:03    1087   | -17660.33008    0.02929858118   0.03039133921    | -17660.30078    
12/14/2025 23:32:03    1088   | -17660.33789    0.02148670144   0.0243644733     | -17660.31641    
12/14/2025 23:32:03    1089   | -17660.26953    0.03515767306   0.04469422624    | -17660.23438    
12/14/2025 23:32:03    1090   | -17660.22656    0.02929858118   0.02996102534    | -17660.19727    
12/14/2025 23:32:03    1091   | -17660.70312    0.01953380927   0.02618067153    | -17660.68359    
12/14/2025 23:32:03    1092   | -17660.71289    0.007818897255  0.0266373232     | -17660.70508    
12/14/2025 23:32:03    1093   | -17660.64844    0.01953380927   0.02511389181    | -17660.62891    
12/14/2025 23:32:03    1094   | -17660.63867    0.01562820002   0.02430880256    | -17660.62305    
12/14/2025 23:32:04    1095   | -17660.17188    0.005867902189  0.03667018935    | -17660.16602    
12/14/2025 23:32:04    1096   | -17660.38672    0.00197855942   0.03982802108    | -17660.38867    
12/14/2025 23:32:04    1097   | -17660.5332     0.01367553137   0.03181976452    | -17660.54688    
12/14/2025 23:32:04    1098   | -17660.22656    0.01562820002   0.02956310846    | -17660.24219    
12/14/2025 23:32:04    1099   | -17660.375      0.04296991229   0.03932743892    | -17660.41797    
12/14/2025 23:32:04    1100   | -17660.37695    0.03125159815   0.03157733753    | -17660.4082     
12/14/2025 23:32:04    1101   | -17660.55469    0.007818897255  0.0255801864     | -17660.54688    
12/14/2025 23:32:04    1102   | -17660.36914    0.01562820002   0.0279314965     | -17660.38477    
12/14/2025 23:32:04    1103   | -17660.67383    0.009770743549  0.02245918289    | -17660.68359    
12/14/2025 23:32:04    1104   | -17660.625      0.00197855942   0.02190983854    | -17660.62695    
12/14/2025 23:32:04    1105   | -17660.71484    0.01172301546   0.03109389357    | -17660.70312    
12/14/2025 23:32:04    1106   | -17660.52539    0.005867902189  0.02092617005    | -17660.51953    
12/14/2025 23:32:04    1107   | -17660.32227    0.003919029143  0.02848341502    | -17660.31836    
12/14/2025 23:32:04    1108   | -17660.59766    0.01758096926   0.0286569912     | -17660.58008    
12/14/2025 23:32:04    1109   | -17660.72852    0.01367553137   0.02874809131    | -17660.71484    
12/14/2025 23:32:04    1110   | -17660.44141    0.007818897255  0.0257138107     | -17660.43359    
12/14/2025 23:32:04    1111   | -17660.51172    0.02734557912   0.03064898774    | -17660.48438    
12/14/2025 23:32:04    1112   | -17660.66016    0.00197855942   0.02174402028    | -17660.6582     
12/14/2025 23:32:04    1113   | -17660.38672    0.005867902189  0.02126730233    | -17660.39258    
12/14/2025 23:32:04    1114   | -17660.46875    0.01562820002   0.02473944612    | -17660.45312    
12/14/2025 23:32:04    1115   | -17660.34766    0.007818897255  0.02686010487    | -17660.33984    
12/14/2025 23:32:04    1116   | -17660.37109    0.005867902189  0.02641484886    | -17660.36523    
12/14/2025 23:32:04    1117   | -17660.51562    0.00197855942   0.02507201955    | -17660.51367    
12/14/2025 23:32:04    1118   | -17660.50391    0.005867902189  0.0279901959     | -17660.49805    
12/14/2025 23:32:04    1119   | -17660.00391    0.003919029143  0.03538994491    | -17660.00781    
12/14/2025 23:32:04    1120   | -17660.39453    0.00197855942   0.02865549549    | -17660.39258    
12/14/2025 23:32:04    1121   | -17660.48438    0.00197855942   0.02789049596    | -17660.48242    
12/14/2025 23:32:04    1122   | -17660.55664    0.00197855942   0.02620789222    | -17660.55469    
12/14/2025 23:32:05    1123   | -17660.24414    0.02539259382   0.03540432826    | -17660.21875    
12/14/2025 23:32:05    1124   | -17660.60547    0.02148670144   0.03138142079    | -17660.58398    
12/14/2025 23:32:05    1125   | -17660.43555    0.02539259382   0.02748614736    | -17660.41016    
12/14/2025 23:32:05    1126   | -17660.30469    0.009770743549  0.03282264248    | -17660.29492    
12/14/2025 23:32:05    1127   | -17660.64062    0.003919029143  0.02480549179    | -17660.63672    
12/14/2025 23:32:05    1128   | -17660.47461    0.01953380927   0.03515022993    | -17660.45508    
12/14/2025 23:32:05    1129   | -17660.51758    0.003919029143  0.02112178691    | -17660.51367    
12/14/2025 23:32:05    1130   | -17660.54883    0.01953380927   0.03076447174    | -17660.5293     
12/14/2025 23:32:05    1131   | -17660.54688    0.01562820002   0.02608140558    | -17660.53125    
12/14/2025 23:32:05    1132   | -17660.43164    0.009770743549  0.02300538681    | -17660.42188    
12/14/2025 23:32:05    1133   | -17660.29492    0.01758096926   0.03171028569    | -17660.27734    
12/14/2025 23:32:05    1134   | -17660.5625     0.01367553137   0.02260338329    | -17660.54883    
12/14/2025 23:32:05    1135   | -17660.75781    0.003919029143  0.02003445104    | -17660.75391    
12/14/2025 23:32:05    1136   | -17660.22656    0.003919029143  0.03185081109    | -17660.22266    
12/14/2025 23:32:05    1137   | -17660.51367    0.005867902189  0.02716613002    | -17660.50781    
12/14/2025 23:32:05    1138   | -17660.52734    0.0003162277571 0.02154757828    | -17660.52734    
12/14/2025 23:32:05    1139   | -17660.45508    0.0003162277571 0.02447751909    | -17660.45508    
12/14/2025 23:32:05    1140   | -17660.51953    0.005867902189  0.02404006571    | -17660.51367    
12/14/2025 23:32:05    1141   | -17660.40234    0.02343963273   0.02591086738    | -17660.37891    
12/14/2025 23:32:05    1142   | -17660.52734    0.009770743549  0.02302010916    | -17660.53711    
12/14/2025 23:32:05    1143   | -17660.33203    0.007818897255  0.04084163159    | -17660.32422    
12/14/2025 23:32:05    1144   | -17660.02539    0.02148670144   0.03552056104    | -17660.00391    
12/14/2025 23:32:05    1145   | -17660.55078    0.00197855942   0.02140109241    | -17660.55273    
12/14/2025 23:32:05    1146   | -17660.28516    0.003919029143  0.02504482679    | -17660.28125    
12/14/2025 23:32:05    1147   | -17660.34961    0.0003162277571 0.03482265025    | -17660.34961    
12/14/2025 23:32:05    1148   | -17660.65234    0.007818897255  0.01887106337    | -17660.64453    
12/14/2025 23:32:05    1149   | -17660.5        0.003919029143  0.02245142311    | -17660.50391    
12/14/2025 23:32:05    1150   | -17660.33594    0.005867902189  0.02472206205    | -17660.3418     
12/14/2025 23:32:05    1151   | -17660.49414    0.005867902189  0.02442482486    | -17660.48828    
12/14/2025 23:32:06    1152   | -17660.28906    0.02734557912   0.02464042976    | -17660.31641    
12/14/2025 23:32:06    1153   | -17660.55469    0.00197855942   0.02719104849    | -17660.55273    
12/14/2025 23:32:06    1154   | -17660.36328    0.005867902189  0.0386428237     | -17660.36914    
12/14/2025 23:32:06    1155   | -17660.70508    0.003919029143  0.02395308018    | -17660.70117    
12/14/2025 23:32:06    1156   | -17660.56445    0.01172301546   0.01918396167    | -17660.57617    
12/14/2025 23:32:06    1157   | -17660.67188    0.00197855942   0.02369919792    | -17660.67383    
12/14/2025 23:32:06    1158   | -17660.67383    0.003919029143  0.01942645386    | -17660.66992    
12/14/2025 23:32:06    1159   | -17660.58984    0.01172301546   0.02585068159    | -17660.60156    
12/14/2025 23:32:06    1160   | -17660.58398    0.0003162277571 0.02209898457    | -17660.58398    
12/14/2025 23:32:06    1161   | -17660.60156    0.007818897255  0.02108256333    | -17660.60938    
12/14/2025 23:32:06    1162   | -17660.56836    0.005867902189  0.02965695038    | -17660.57422    
12/14/2025 23:32:06    1163   | -17660.24805    0.00197855942   0.02741775289    | -17660.24609    
12/14/2025 23:32:06    1164   | -17660.52344    0.0003162277571 0.02638932504    | -17660.52344    
12/14/2025 23:32:06    1165   | -17660.23047    0.00197855942   0.02920142747    | -17660.22852    
12/14/2025 23:32:06    1166   | -17660.51562    0.01562820002   0.02305944264    | -17660.5        
12/14/2025 23:32:06    1167   | -17660.44141    0.01172301546   0.0301830098     | -17660.42969    
12/14/2025 23:32:06    1168   | -17660.33203    0.007818897255  0.02493669279    | -17660.33984    
12/14/2025 23:32:06    1169   | -17660.67578    0.0003162277571 0.01940620132    | -17660.67578    
12/14/2025 23:32:06    1170   | -17660.58008    0.01367553137   0.02900702693    | -17660.56641    
12/14/2025 23:32:06    1171   | -17660.22461    0.01758096926   0.03658920899    | -17660.20703    
12/14/2025 23:32:06    1172   | -17660.33984    0.007818897255  0.03149953857    | -17660.33203    
12/14/2025 23:32:06    1173   | -17660.34766    0.003919029143  0.02381747402    | -17660.34375    
12/14/2025 23:32:06    1174   | -17660.23438    0.01953380927   0.03188644722    | -17660.21484    
12/14/2025 23:32:06    1175   | -17660.39062    0.00197855942   0.02444322966    | -17660.38867    
12/14/2025 23:32:06    1176   | -17660.60156    0.02148670144   0.03171081841    | -17660.58008    
12/14/2025 23:32:06    1177   | -17660.37109    0.01562820002   0.02877352573    | -17660.35547    
12/14/2025 23:32:06    1178   | -17660.52148    0.02539259382   0.02831598744    | -17660.49609    
12/14/2025 23:32:06    1179   | -17660.35742    0.009770743549  0.02862612344    | -17660.34766    
12/14/2025 23:32:06    1180   | -17660.51758    0.02539259382   0.0373019278     | -17660.49219    
12/14/2025 23:32:06    1181   | -17660.46094    0.02929858118   0.02572914585    | -17660.43164    
12/14/2025 23:32:06    1182   | -17660.13477    0.04101684317   0.02665504254    | -17660.09375    
12/14/2025 23:32:07    1183   | -17660.25977    0.02148670144   0.02737302147    | -17660.23828    
12/14/2025 23:32:07    1184   | -17660.63867    0.00197855942   0.01994782314    | -17660.64062    
12/14/2025 23:32:07    1185   | -17660.51953    0.02343963273   0.03100243211    | -17660.49609    
12/14/2025 23:32:07    1186   | -17660.34766    0.005867902189  0.02898074873    | -17660.3418     
12/14/2025 23:32:07    1187   | -17660.5293     0.01367553137   0.01807158627    | -17660.51562    
12/14/2025 23:32:07    1188   | -17660.66406    0.009770743549  0.02362889796    | -17660.6543     
12/14/2025 23:32:07    1189   | -17660.64648    0.01367553137   0.02820774168    | -17660.63281    
12/14/2025 23:32:07    1190   | -17660.50781    0.009770743549  0.02216692641    | -17660.49805    
12/14/2025 23:32:07    1191   | -17660.33984    0.0003162277571 0.03875937685    | -17660.33984    
12/14/2025 23:32:07    1192   | -17660.74805    0.007818897255  0.02108679712    | -17660.74023    
12/14/2025 23:32:07    1193   | -17660.55469    0.007818897255  0.0209858343     | -17660.54688    
12/14/2025 23:32:07    1194   | -17660.05469    0.003919029143  0.03669761494    | -17660.05859    
12/14/2025 23:32:07    1195   | -17660.30273    0.01172301546   0.03337867931    | -17660.29102    
12/14/2025 23:32:07    1196   | -17660.25586    0.003919029143  0.02630452253    | -17660.25195    
12/14/2025 23:32:07    1197   | -17660.52734    0.007818897255  0.02313838713    | -17660.51953    
12/14/2025 23:32:07    1198   | -17660.54688    0.01172301546   0.02757061459    | -17660.53516    
12/14/2025 23:32:07    1199   | -17660.41016    0.007818897255  0.03972594067    | -17660.41797    
12/14/2025 23:32:07    1200   | -17660.44336    0.009770743549  0.02795480937    | -17660.43359    
12/14/2025 23:32:07    1201   | -17660.72461    0.003919029143  0.02823228948    | -17660.7207     
12/14/2025 23:32:07    1202   | -17660.55078    0.0003162277571 0.0197778251     | -17660.55078    
12/14/2025 23:32:07    1203   | -17660.68555    0.00197855942   0.01888101362    | -17660.68359    
12/14/2025 23:32:07    1204   | -17660.59961    0.007818897255  0.02468827181    | -17660.60742    
12/14/2025 23:32:07    1205   | -17660.40039    0.0003162277571 0.02568826079    | -17660.40039    
12/14/2025 23:32:07    1206   | -17660.56641    0.01172301546   0.02338864841    | -17660.57812    
12/14/2025 23:32:07    1207   | -17660.43555    0.01172301546   0.02840205468    | -17660.44727    
12/14/2025 23:32:07    1208   | -17660.39844    0.00197855942   0.02589385211    | -17660.40039    
12/14/2025 23:32:07    1209   | -17660.41602    0.005867902189  0.02956666984    | -17660.41016    
12/14/2025 23:32:08    1210   | -17660.27344    0.003919029143  0.02302962728    | -17660.26953    
12/14/2025 23:32:08    1211   | -17660.36914    0.009770743549  0.02507671155    | -17660.35938    
12/14/2025 23:32:08    1212   | -17660.58984    0.00197855942   0.02564193308    | -17660.58789    
12/14/2025 23:32:08    1213   | -17660.53711    0.0003162277571 0.02404791489    | -17660.53711    
12/14/2025 23:32:08    1214   | -17660.43359    0.003919029143  0.02785672247    | -17660.4375     
12/14/2025 23:32:08    1215   | -17660.54102    0.005867902189  0.02681937627    | -17660.53516    
12/14/2025 23:32:08    1216   | -17660.29492    0.01172301546   0.02829099633    | -17660.30664    
12/14/2025 23:32:08    1217   | -17660.51367    0.00197855942   0.02964877523    | -17660.51562    
12/14/2025 23:32:08    1218   | -17660.5293     0.01172301546   0.02279232256    | -17660.54102    
12/14/2025 23:32:08    1219   | -17660.32617    0.009770743549  0.0298609715     | -17660.31641    
12/14/2025 23:32:08    1220   | -17660.42969    0.01562820002   0.03506396338    | -17660.41406    
12/14/2025 23:32:08    1221   | -17660.4375     0.005867902189  0.03006458841    | -17660.43164    
12/14/2025 23:32:08    1222   | -17660.62109    0.009770743549  0.02360123955    | -17660.61133    
12/14/2025 23:32:08    1223   | -17660.54102    0.02148670144   0.01835783198    | -17660.51953    
12/14/2025 23:32:08    1224   | -17660.51367    0.01367553137   0.02462444082    | -17660.5        
12/14/2025 23:32:08    1225   | -17660.41992    0.01758096926   0.02760359272    | -17660.40234    
12/14/2025 23:32:08    1226   | -17660.42969    0.009770743549  0.02911488898    | -17660.41992    
12/14/2025 23:32:08    1227   | -17660.62109    0.02929858118   0.02604453452    | -17660.5918     
12/14/2025 23:32:08    1228   | -17660.60742    0.02148670144   0.03044647351    | -17660.58594    
12/14/2025 23:32:08    1229   | -17660.44922    0.02148670144   0.02085285075    | -17660.42773    
12/14/2025 23:32:08    1230   | -17660.22266    0.005867902189  0.03373456374    | -17660.22852    
12/14/2025 23:32:08    1231   | -17660.55273    0.00197855942   0.02883225307    | -17660.55469    
12/14/2025 23:32:08    1232   | -17660.32422    0.02148670144   0.03428762034    | -17660.30273    
12/14/2025 23:32:08    1233   | -17660.68945    0.003919029143  0.0216199439     | -17660.68555    
12/14/2025 23:32:08    1234   | -17660.54297    0.009770743549  0.02013163082    | -17660.5332     
12/14/2025 23:32:08    1235   | -17660.56445    0.01562820002   0.02432844043    | -17660.54883    
12/14/2025 23:32:08    1236   | -17660.45703    0.01367553137   0.02919228002    | -17660.44336    
12/14/2025 23:32:08    1237   | -17660.57031    0.01758096926   0.0235456042     | -17660.55273    
12/14/2025 23:32:08    1238   | -17660.48242    0.007818897255  0.02272378467    | -17660.47461    
12/14/2025 23:32:08    1239   | -17660.45508    0.003919029143  0.02968810685    | -17660.45898    
12/14/2025 23:32:08    1240   | -17660.50781    0.01953380927   0.02627480403    | -17660.48828    
12/14/2025 23:32:09    1241   | -17660.45508    0.01367553137   0.03060578369    | -17660.44141    
12/14/2025 23:32:09    1242   | -17660.29883    0.00197855942   0.03701359406    | -17660.29688    
12/14/2025 23:32:09    1243   | -17660.44727    0.01562820002   0.02882242762    | -17660.43164    
12/14/2025 23:32:09    1244   | -17660.43945    0.01172301546   0.02243686654    | -17660.42773    
12/14/2025 23:32:09    1245   | -17660.42969    0.01367553137   0.02510761283    | -17660.41602    
12/14/2025 23:32:09    1246   | -17660.16211    0.01172301546   0.02752109617    | -17660.15039    
12/14/2025 23:32:09    1247   | -17660.30469    0.009770743549  0.02904697321    | -17660.29492    
12/14/2025 23:32:09    1248   | -17660.5        0.01953380927   0.02366457134    | -17660.48047    
12/14/2025 23:32:09    1249   | -17660.17578    0.01758096926   0.04461444169    | -17660.1582     
12/14/2025 23:32:09    1250   | -17660.35742    0.00197855942   0.02939956635    | -17660.35547    
12/14/2025 23:32:09    1251   | -17660.27344    0.03320463002   0.03194338828    | -17660.24023    
12/14/2025 23:32:09    1252   | -17660.43555    0.02148670144   0.02646665089    | -17660.41406    
12/14/2025 23:32:09    1253   | -17660.49023    0.01367553137   0.03158655018    | -17660.47656    
12/14/2025 23:32:09    1254   | -17660.41016    0.005867902189  0.03430843726    | -17660.4043     
12/14/2025 23:32:09    1255   | -17660.53516    0.003919029143  0.03130628541    | -17660.53125    
12/14/2025 23:32:09    1256   | -17660.27539    0.009770743549  0.03289736435    | -17660.26562    
12/14/2025 23:32:09    1257   | -17660.41016    0.003919029143  0.04798854142    | -17660.41406    
12/14/2025 23:32:09    1258   | -17660.31445    0.01758096926   0.03329667076    | -17660.29688    
12/14/2025 23:32:09    1259   | -17660.29492    0.01172301546   0.02350923046    | -17660.2832     
12/14/2025 23:32:09    1260   | -17660.32812    0.02148670144   0.03102705628    | -17660.30664    
12/14/2025 23:32:09    1261   | -17660.41406    0.005867902189  0.03339667991    | -17660.41992    
12/14/2025 23:32:09    1262   | -17660.52539    0.00197855942   0.02315461822    | -17660.52344    
12/14/2025 23:32:09    1263   | -17660.35352    0.003919029143  0.02840722539    | -17660.35742    
12/14/2025 23:32:09    1264   | -17660.5332     0.003919029143  0.03398163244    | -17660.5293     
12/14/2025 23:32:09    1265   | -17660.58789    0.003919029143  0.02061921172    | -17660.58398    
12/14/2025 23:32:09    1266   | -17660.48633    0.00197855942   0.03459663317    | -17660.48438    
12/14/2025 23:32:09    1267   | -17660.41992    0.00197855942   0.02740473486    | -17660.41797    
12/14/2025 23:32:09    1268   | -17660.37109    0.003919029143  0.0325829424     | -17660.36719    
12/14/2025 23:32:09    1269   | -17660.41992    0.007818897255  0.03621767089    | -17660.41211    
12/14/2025 23:32:09    1270   | -17660.24414    0.007818897255  0.03079012781    | -17660.23633    
12/14/2025 23:32:10    1271   | -17660.57031    0.007818897255  0.02217821032    | -17660.5625     
12/14/2025 23:32:10    1272   | -17659.97266    0.003919029143  0.03703514859    | -17659.96875    
12/14/2025 23:32:10    1273   | -17660.51367    0.01172301546   0.03210376203    | -17660.50195    
12/14/2025 23:32:10    1274   | -17660.40234    0.009770743549  0.02571171522    | -17660.39258    
12/14/2025 23:32:10    1275   | -17660.52734    0.01758096926   0.02638606168    | -17660.50977    
12/14/2025 23:32:10    1276   | -17660.35352    0.007818897255  0.02894278057    | -17660.3457     
12/14/2025 23:32:10    1277   | -17660.44336    0.007818897255  0.02292650007    | -17660.43555    
12/14/2025 23:32:10    1278   | -17660.46289    0.009770743549  0.02292637154    | -17660.45312    
12/14/2025 23:32:10    1279   | -17660.43945    0.005867902189  0.0238269493     | -17660.43359    
12/14/2025 23:32:10    1280   | -17660.24414    0.007818897255  0.04076441377    | -17660.23633    
12/14/2025 23:32:10    1281   | -17660.36914    0.003919029143  0.03174448013    | -17660.37305    
12/14/2025 23:32:10    1282   | -17660.45703    0.003919029143  0.02110201307    | -17660.45312    
12/14/2025 23:32:10    1283   | -17660.07812    0.005867902189  0.02950215526    | -17660.07227    
12/14/2025 23:32:10    1284   | -17660.23633    0.00197855942   0.03044176847    | -17660.23828    
12/14/2025 23:32:10    1285   | -17660.42773    0.007818897255  0.02826183289    | -17660.43555    
12/14/2025 23:32:10    1286   | -17660.55469    0.003919029143  0.02721186168    | -17660.55859    
12/14/2025 23:32:10    1287   | -17660.70508    0.007818897255  0.02851262689    | -17660.69727    
12/14/2025 23:32:10    1288   | -17660.5        0.007818897255  0.03497901559    | -17660.49219    
12/14/2025 23:32:10    1289   | -17660.56836    0.01367553137   0.02498643659    | -17660.55469    
12/14/2025 23:32:10    1290   | -17660.54102    0.01562820002   0.02536271326    | -17660.52539    
12/14/2025 23:32:10    1291   | -17660.41016    0.01758096926   0.03075207025    | -17660.39258    
12/14/2025 23:32:10    1292   | -17660.61719    0.009770743549  0.02359224111    | -17660.60742    
12/14/2025 23:32:10    1293   | -17660.45312    0.007818897255  0.02970512398    | -17660.44531    
12/14/2025 23:32:10    1294   | -17660.47656    0.00197855942   0.02135176957    | -17660.47461    
12/14/2025 23:32:10    1295   | -17660.51367    0.009770743549  0.03024057299    | -17660.50391    
12/14/2025 23:32:10    1296   | -17660.33789    0.02539259382   0.02530553564    | -17660.3125     
12/14/2025 23:32:10    1297   | -17660.08008    0.02148670144   0.0377587676     | -17660.05859    
12/14/2025 23:32:10    1298   | -17660.4082     0.01367553137   0.01922437549    | -17660.39453    
12/14/2025 23:32:10    1299   | -17660.26172    0.01367553137   0.04215293378    | -17660.24805    
12/14/2025 23:32:10    1300   | -17660.19531    0.003919029143  0.02591366693    | -17660.19141    
12/14/2025 23:32:11    1301   | -17660.22656    0.009770743549  0.04011146724    | -17660.2168     
12/14/2025 23:32:11    1302   | -17660.33594    0.007818897255  0.03353115544    | -17660.32812    
12/14/2025 23:32:11    1303   | -17660.55664    0.003919029143  0.02800947614    | -17660.56055    
12/14/2025 23:32:11    1304   | -17660.71484    0.00197855942   0.01781512052    | -17660.71289    
12/14/2025 23:32:11    1305   | -17660.54883    0.005867902189  0.02534843981    | -17660.55469    
12/14/2025 23:32:11    1306   | -17660.74414    0.00197855942   0.0282771159     | -17660.74609    
12/14/2025 23:32:11    1307   | -17660.53125    0.007818897255  0.02338458039    | -17660.53906    
12/14/2025 23:32:11    1308   | -17660.57422    0.009770743549  0.02436599135    | -17660.56445    
12/14/2025 23:32:11    1309   | -17660.49609    0.00197855942   0.02315441519    | -17660.49805    
12/14/2025 23:32:11    1310   | -17660.31641    0.003919029143  0.02894521505    | -17660.32031    
12/14/2025 23:32:11    1311   | -17660.32031    0.005867902189  0.02985738404    | -17660.31445    
12/14/2025 23:32:11    1312   | -17660.53125    0.007818897255  0.02959717251    | -17660.52344    
12/14/2025 23:32:11    1313   | -17660.43555    0.0003162277571 0.02534647658    | -17660.43555    
12/14/2025 23:32:11    1314   | -17660.60547    0.00197855942   0.03329075128    | -17660.60352    
12/14/2025 23:32:11    1315   | -17660.41797    0.005867902189  0.02466370724    | -17660.41211    
12/14/2025 23:32:11    1316   | -17660.45117    0.009770743549  0.03126869723    | -17660.44141    
12/14/2025 23:32:11    1317   | -17660.38672    0.00197855942   0.02568276599    | -17660.38867    
12/14/2025 23:32:11    1318   | -17660.4707     0.01953380927   0.03777242079    | -17660.45117    
12/14/2025 23:32:11    1319   | -17660.29492    0.01758096926   0.02610653266    | -17660.27734    
12/14/2025 23:32:11    1320   | -17660.41016    0.005867902189  0.03736101836    | -17660.4043     
12/14/2025 23:32:11    1321   | -17660.29102    0.02343963273   0.03362349421    | -17660.26758    
12/14/2025 23:32:11    1322   | -17660.44141    0.00197855942   0.02909752168    | -17660.44336    
12/14/2025 23:32:11    1323   | -17660.38867    0.0003162277571 0.02908271179    | -17660.38867    
12/14/2025 23:32:11    1324   | -17660.61133    0.009770743549  0.02522457205    | -17660.62109    
12/14/2025 23:32:11    1325   | -17660.77734    0.005867902189  0.01808087528    | -17660.77148    
12/14/2025 23:32:11    1326   | -17660.62695    0.0003162277571 0.0312969014     | -17660.62695    
12/14/2025 23:32:11    1327   | -17660.57812    0.005867902189  0.0286496263     | -17660.58398    
12/14/2025 23:32:12    1328   | -17660.49023    0.009770743549  0.03215782717    | -17660.5        
12/14/2025 23:32:12    1329   | -17660.41992    0.04101684317   0.03734469041    | -17660.46094    
12/14/2025 23:32:12    1330   | -17660.43945    0.01758096926   0.03222190961    | -17660.45703    
12/14/2025 23:32:12    1331   | -17660.47461    0.05664150789   0.03892019764    | -17660.53125    
12/14/2025 23:32:12    1332   | -17660.41602    0.03515767306   0.05305430666    | -17660.45117    
12/14/2025 23:32:12    1333   | -17660.13867    0.01758096926   0.04107531533    | -17660.15625    
12/14/2025 23:32:12    1334   | -17660.17773    0.01758096926   0.03755552694    | -17660.19531    
12/14/2025 23:32:12    1335   | -17660.4668     0.02929858118   0.03175161406    | -17660.49609    
12/14/2025 23:32:12    1336   | -17660.55469    0.02148670144   0.02591616102    | -17660.57617    
12/14/2025 23:32:12    1337   | -17660.62695    0.02929858118   0.02780799009    | -17660.65625    
12/14/2025 23:32:12    1338   | -17660.20312    0.02343963273   0.03274970502    | -17660.22656    
12/14/2025 23:32:12    1339   | -17660.23828    0.02734557912   0.02688874677    | -17660.26562    
12/14/2025 23:32:12    1340   | -17660.42578    0.02148670144   0.0355280973     | -17660.44727    
12/14/2025 23:32:12    1341   | -17660.26953    0.02929858118   0.04096665233    | -17660.29883    
12/14/2025 23:32:12    1342   | -17660.37109    0.009770743549  0.04059721157    | -17660.38086    
12/14/2025 23:32:12    1343   | -17660.50586    0.03515767306   0.02821111865    | -17660.54102    
12/14/2025 23:32:12    1344   | -17660.50391    0.02734557912   0.03447665647    | -17660.53125    
12/14/2025 23:32:12    1345   | -17660.33594    0.02148670144   0.03722827137    | -17660.35742    
12/14/2025 23:32:12    1346   | -17659.96289    0.01367553137   0.04391273856    | -17659.94922    
12/14/2025 23:32:12    1347   | -17660.31641    0.01172301546   0.03231462091    | -17660.30469    
12/14/2025 23:32:12    1348   | -17660.32227    0.01562820002   0.02945906296    | -17660.30664    
12/14/2025 23:32:12    1349   | -17660.52344    0.01562820002   0.02540136315    | -17660.53906    
12/14/2025 23:32:12    1350   | -17660.31055    0.01758096926   0.04708725959    | -17660.32812    
12/14/2025 23:32:12    1351   | -17660.48047    0.03125159815   0.02961402759    | -17660.51172    
12/14/2025 23:32:12    1352   | -17660.25391    0.009770743549  0.03778183088    | -17660.26367    
12/14/2025 23:32:12    1353   | -17660.39062    0.04296991229   0.02900050767    | -17660.43359    
12/14/2025 23:32:12    1354   | -17660.25391    0.04101684317   0.03675882146    | -17660.29492    
12/14/2025 23:32:12    1355   | -17660.34961    0.03515767306   0.03933228552    | -17660.38477    
12/14/2025 23:32:12    1356   | -17660.28125    0.01953380927   0.03311085328    | -17660.30078    
12/14/2025 23:32:12    1357   | -17660.31445    0.02539259382   0.03754306957    | -17660.33984    
12/14/2025 23:32:12    1358   | -17660.45703    0.02148670144   0.03326205164    | -17660.47852    
12/14/2025 23:32:13    1359   | -17660.53516    0.02343963273   0.0271694921     | -17660.55859    
12/14/2025 23:32:13    1360   | -17660.35156    0.01367553137   0.03395635635    | -17660.36523    
12/14/2025 23:32:13    1361   | -17660.52344    0.003919029143  0.03815444186    | -17660.52734    
12/14/2025 23:32:13    1362   | -17660.36523    0.04101684317   0.04127520323    | -17660.40625    
12/14/2025 23:32:13    1363   | -17660.56641    0.0390637815    0.03189354762    | -17660.60547    
12/14/2025 23:32:13    1364   | -17660.56055    0.03320463002   0.02928088233    | -17660.59375    
12/14/2025 23:32:13    1365   | -17660.19922    0.02734557912   0.03378141671    | -17660.22656    
12/14/2025 23:32:13    1366   | -17660.53906    0.01562820002   0.02496496402    | -17660.55469    
12/14/2025 23:32:13    1367   | -17660.48047    0.01367553137   0.03244986758    | -17660.49414    
12/14/2025 23:32:13    1368   | -17660.02344    0.04687606543   0.04237062111    | -17660.07031    
12/14/2025 23:32:13    1369   | -17659.95312    0.04492298514   0.04757249728    | -17659.99805    
12/14/2025 23:32:13    1370   | -17660.35547    0.01367553137   0.03368032351    | -17660.36914    
12/14/2025 23:32:13    1371   | -17660.67773    0.01562820002   0.03091402724    | -17660.69336    
12/14/2025 23:32:13    1372   | -17660.55859    0.03125159815   0.02920147032    | -17660.58984    
12/14/2025 23:32:13    1373   | -17660.57227    0.02734557912   0.03740693256    | -17660.59961    
12/14/2025 23:32:13    1374   | -17660.51953    0.003919029143  0.03418747336    | -17660.51562    
12/14/2025 23:32:13    1375   | -17660.37891    0.01953380927   0.04464233667    | -17660.39844    
12/14/2025 23:32:13    1376   | -17660.66406    0.04687606543   0.03364480287    | -17660.71094    
12/14/2025 23:32:13    1377   | -17660.4707     0.0390637815    0.03430319205    | -17660.50977    
12/14/2025 23:32:13    1378   | -17660.32617    0.03515767306   0.04694290832    | -17660.36133    
12/14/2025 23:32:13    1379   | -17660.25       0.04882914945   0.0323381424     | -17660.29883    
12/14/2025 23:32:13    1380   | -17660.57422    0.04492298514   0.03750810027    | -17660.61914    
12/14/2025 23:32:13    1381   | -17660.31836    0.01758096926   0.05404544994    | -17660.33594    
12/14/2025 23:32:13    1382   | -17659.98242    0.02539259382   0.03560013324    | -17660.00781    
12/14/2025 23:32:13    1383   | -17660.26953    0.04492298514   0.0358791016     | -17660.31445    
12/14/2025 23:32:13    1384   | -17660.24805    0.03125159815   0.04011267424    | -17660.2793     
12/14/2025 23:32:13    1385   | -17660.11133    0.01562820002   0.03725849837    | -17660.12695    
12/14/2025 23:32:13    1386   | -17660.11328    0.03320463002   0.03703291342    | -17660.14648    
12/14/2025 23:32:13    1387   | -17660.10156    0.01172301546   0.03645706177    | -17660.11328    
12/14/2025 23:32:14    1388   | -17660.3418     0.02539259382   0.03907791525    | -17660.36719    
12/14/2025 23:32:14    1389   | -17660.48633    0.03320463002   0.03349200636    | -17660.51953    
12/14/2025 23:32:14    1390   | -17660.07227    0.05078223348   0.0437252894     | -17660.12305    
12/14/2025 23:32:14    1391   | -17660.25781    0.0390637815    0.04584653303    | -17660.29688    
12/14/2025 23:32:14    1392   | -17660.48047    0.04492298514   0.03372605145    | -17660.52539    
12/14/2025 23:32:14    1393   | -17660.16211    0.0546884127    0.04854406416    | -17660.2168     
12/14/2025 23:32:14    1394   | -17660.47656    0.04687606543   0.03860098496    | -17660.52344    
12/14/2025 23:32:14    1395   | -17660.44141    0.02539259382   0.02734131739    | -17660.4668     
12/14/2025 23:32:14    1396   | -17660.32422    0.03320463002   0.04230363294    | -17660.35742    
12/14/2025 23:32:14    1397   | -17660.34375    0.04687606543   0.03523556516    | -17660.39062    
12/14/2025 23:32:14    1398   | -17660.0957     0.03125159815   0.04396679252    | -17660.12695    
12/14/2025 23:32:14    1399   | -17660.49805    0.05664150789   0.03813191131    | -17660.55469    
12/14/2025 23:32:14    1400   | -17660.28906    0.06054769829   0.03995231539    | -17660.34961    
12/14/2025 23:32:14    1401   | -17660.49609    0.05078223348   0.03844908252    | -17660.54688    
12/14/2025 23:32:14    1402   | -17660.44336    0.03515767306   0.05126415938    | -17660.47852    
12/14/2025 23:32:14    1403   | -17660.49805    0.03515767306   0.04390870035    | -17660.5332     
12/14/2025 23:32:14    1404   | -17660.29492    0.02343963273   0.02868289128    | -17660.31836    
12/14/2025 23:32:14    1405   | -17660.36523    0.04882914945   0.04591779411    | -17660.41406    
12/14/2025 23:32:14    1406   | -17660.17773    0.02148670144   0.03291394189    | -17660.19922    
12/14/2025 23:32:14    1407   | -17660.22266    0.01172301546   0.04168268666    | -17660.23438    
12/14/2025 23:32:14    1408   | -17660.50781    0.06445389986   0.0319791697     | -17660.57227    
12/14/2025 23:32:14    1409   | -17660.57227    0.04101684317   0.02855765261    | -17660.61328    
12/14/2025 23:32:14    1410   | -17660.44922    0.04101684317   0.03556279093    | -17660.49023    
12/14/2025 23:32:14    1411   | -17660.62891    0.04296991229   0.02557035349    | -17660.67188    
12/14/2025 23:32:14    1412   | -17660.44336    0.02929858118   0.03798393905    | -17660.47266    
12/14/2025 23:32:14    1413   | -17660.28516    0.0390637815    0.04157699272    | -17660.32422    
12/14/2025 23:32:14    1414   | -17660.26758    0.0722663179    0.03843652084    | -17660.33984    
12/14/2025 23:32:15    1415   | -17660.25977    0.05273532122   0.04594936222    | -17660.3125     
12/14/2025 23:32:15    1416   | -17660.62305    0.03711072356   0.02573419362    | -17660.66016    
12/14/2025 23:32:15    1417   | -17660.25781    0.04882914945   0.04199473187    | -17660.30664    
12/14/2025 23:32:15    1418   | -17660.38086    0.0546884127    0.03634078056    | -17660.43555    
12/14/2025 23:32:15    1419   | -17659.91016    0.02734557912   0.03900113329    | -17659.9375     
12/14/2025 23:32:15    1420   | -17660.44727    0.04687606543   0.03284978122    | -17660.49414    
12/14/2025 23:32:15    1421   | -17660.26562    0.01367553137   0.03118447959    | -17660.2793     
12/14/2025 23:32:15    1422   | -17660.25       0.01953380927   0.05397212133    | -17660.26953    
12/14/2025 23:32:15    1423   | -17660.19531    0.01172301546   0.05946491286    | -17660.20703    
12/14/2025 23:32:15    1424   | -17660.48047    0.0546884127    0.04497750103    | -17660.53516    
12/14/2025 23:32:15    1425   | -17660.20117    0.04492298514   0.05287519097    | -17660.24609    
12/14/2025 23:32:15    1426   | -17660.5293     0.03711072356   0.02790423855    | -17660.56641    
12/14/2025 23:32:15    1427   | -17660.31836    0.009770743549  0.04551498219    | -17660.32812    
12/14/2025 23:32:15    1428   | -17660.40234    0.03711072356   0.03304477409    | -17660.43945    
12/14/2025 23:32:15    1429   | -17660.44336    0.04687606543   0.02741232701    | -17660.49023    
12/14/2025 23:32:15    1430   | -17660.19141    0.03515767306   0.03530886397    | -17660.22656    
12/14/2025 23:32:15    1431   | -17660.38867    0.01172301546   0.03139977902    | -17660.40039    
12/14/2025 23:32:15    1432   | -17660.20312    0.01172301546   0.04185501114    | -17660.21484    
12/14/2025 23:32:15    1433   | -17660.35547    0.02148670144   0.03455015272    | -17660.37695    
12/14/2025 23:32:15    1434   | -17660.28516    0.005867902189  0.04136282951    | -17660.29102    
12/14/2025 23:32:15    1435   | -17660.10742    0.003919029143  0.05102655292    | -17660.11133    
12/14/2025 23:32:15    1436   | -17660.32422    0.0390637815    0.02967722528    | -17660.36328    
12/14/2025 23:32:15    1437   | -17660.3457     0.01953380927   0.03961689398    | -17660.36523    
12/14/2025 23:32:15    1438   | -17660.16406    0.02148670144   0.03712167218    | -17660.14258    
12/14/2025 23:32:15    1439   | -17660.72266    0.003919029143  0.02979941666    | -17660.71875    
12/14/2025 23:32:15    1440   | -17660.41406    0.01953380927   0.0319689475     | -17660.39453    
12/14/2025 23:32:15    1441   | -17660.30664    0.02148670144   0.03791282326    | -17660.28516    
12/14/2025 23:32:15    1442   | -17660.61914    0.01758096926   0.0301293768     | -17660.60156    
12/14/2025 23:32:15    1443   | -17660.36328    0.003919029143  0.04065049812    | -17660.35938    
12/14/2025 23:32:15    1444   | -17660.48828    0.01953380927   0.02465924062    | -17660.46875    
12/14/2025 23:32:16    1445   | -17660.3418     0.0390637815    0.04961496219    | -17660.30273    
12/14/2025 23:32:16    1446   | -17660.79102    0.00197855942   0.02406542189    | -17660.78906    
12/14/2025 23:32:16    1447   | -17660.54492    0.03320463002   0.03392489627    | -17660.51172    
12/14/2025 23:32:16    1448   | -17660.53711    0.01758096926   0.02474510856    | -17660.51953    
12/14/2025 23:32:16    1449   | -17660.49805    0.02734557912   0.03308936581    | -17660.4707     
12/14/2025 23:32:16    1450   | -17660.2168     0.02539259382   0.03651442379    | -17660.19141    
12/14/2025 23:32:16    1451   | -17660.6582     0.01172301546   0.02936867066    | -17660.64648    
12/14/2025 23:32:16    1452   | -17660.55859    0.02734557912   0.03714490309    | -17660.53125    
12/14/2025 23:32:16    1453   | -17660.83398    0.01562820002   0.02346758172    | -17660.81836    
12/14/2025 23:32:16    1454   | -17660.23047    0.0003162277571 0.0513677299     | -17660.23047    
12/14/2025 23:32:16    1455   | -17660.58203    0.01953380927   0.02944191545    | -17660.5625     
12/14/2025 23:32:16    1456   | -17660.75586    0.01562820002   0.02320189029    | -17660.74023    
12/14/2025 23:32:16    1457   | -17660.16602    0.03320463002   0.0322740078     | -17660.13281    
12/14/2025 23:32:16    1458   | -17660.04102    0.02539259382   0.03383185714    | -17660.01562    
12/14/2025 23:32:16    1459   | -17660.30078    0.02343963273   0.03996255621    | -17660.27734    
12/14/2025 23:32:16    1460   | -17660.54883    0.02539259382   0.03194090724    | -17660.52344    
12/14/2025 23:32:16    1461   | -17660.11328    0.01367553137   0.03110327758    | -17660.09961    
12/14/2025 23:32:16    1462   | -17660.55273    0.01562820002   0.02832693048    | -17660.53711    
12/14/2025 23:32:16    1463   | -17660.57031    0.02734557912   0.02588023245    | -17660.54297    
12/14/2025 23:32:16    1464   | -17660.33984    0.003919029143  0.03655789047    | -17660.33594    
12/14/2025 23:32:16    1465   | -17660.38672    0.01367553137   0.02672954835    | -17660.37305    
12/14/2025 23:32:16    1466   | -17660.32031    0.00197855942   0.04120325297    | -17660.32227    
12/14/2025 23:32:16    1467   | -17660.73633    0.01367553137   0.02127134241    | -17660.72266    
12/14/2025 23:32:16    1468   | -17660.33203    0.01562820002   0.02946460433    | -17660.31641    
12/14/2025 23:32:16    1469   | -17660.46094    0.01562820002   0.02957957424    | -17660.44531    
12/14/2025 23:32:16    1470   | -17660.5293     0.00197855942   0.0338851586     | -17660.52734    
12/14/2025 23:32:16    1471   | -17660.41797    0.007818897255  0.02662020363    | -17660.41016    
12/14/2025 23:32:16    1472   | -17660.43164    0.0003162277571 0.02395002544    | -17660.43164    
12/14/2025 23:32:16    1473   | -17660.58789    0.00197855942   0.02055629343    | -17660.58594    
12/14/2025 23:32:16    1474   | -17660.48633    0.01953380927   0.02980910614    | -17660.4668     
12/14/2025 23:32:17    1475   | -17660.56055    0.00197855942   0.0187683031     | -17660.5625     
12/14/2025 23:32:17    1476   | -17660.48633    0.003919029143  0.02543759905    | -17660.48242    
12/14/2025 23:32:17    1477   | -17660.38086    0.0003162277571 0.02717951313    | -17660.38086    
12/14/2025 23:32:17    1478   | -17660.4043     0.01172301546   0.02431887761    | -17660.39258    
12/14/2025 23:32:17    1479   | -17660.3418     0.00197855942   0.03812640905    | -17660.34375    
12/14/2025 23:32:17    1480   | -17660.58008    0.005867902189  0.0164128039     | -17660.57422    
12/14/2025 23:32:17    1481   | -17660.2793     0.0003162277571 0.03148344904    | -17660.2793     
12/14/2025 23:32:17    1482   | -17660.36719    0.01562820002   0.02643107437    | -17660.38281    
12/14/2025 23:32:17    1483   | -17660.51172    0.007818897255  0.02787884325    | -17660.50391    
12/14/2025 23:32:17    1484   | -17660.1582     0.007818897255  0.0274835825     | -17660.15039    
12/14/2025 23:32:17    1485   | -17660.59961    0.00197855942   0.02281125262    | -17660.60156    
12/14/2025 23:32:17    1486   | -17660.47266    0.00197855942   0.0245577842     | -17660.47461    
12/14/2025 23:32:17    1487   | -17660.70117    0.01172301546   0.02118377201    | -17660.71289    
12/14/2025 23:32:17    1488   | -17660.78516    0.00197855942   0.02246827073    | -17660.7832     
12/14/2025 23:32:17    1489   | -17660.21875    0.01172301546   0.03781726584    | -17660.23047    
12/14/2025 23:32:17    1490   | -17660.54883    0.009770743549  0.02675415762    | -17660.53906    
12/14/2025 23:32:17    1491   | -17660.20508    0.003919029143  0.02634967491    | -17660.20898    
12/14/2025 23:32:17    1492   | -17660.53516    0.007818897255  0.02436758205    | -17660.52734    
12/14/2025 23:32:17    1493   | -17660.66406    0.005867902189  0.02028074302    | -17660.6582     
12/14/2025 23:32:17    1494   | -17660.1875     0.01172301546   0.03284193203    | -17660.17578    
12/14/2025 23:32:17    1495   | -17660.45508    0.003919029143  0.02707074583    | -17660.45117    
12/14/2025 23:32:17    1496   | -17660.41211    0.01562820002   0.03109952435    | -17660.39648    
12/14/2025 23:32:17    1497   | -17660.41797    0.005867902189  0.02716963738    | -17660.42383    
12/14/2025 23:32:17    1498   | -17660.36133    0.01367553137   0.0246062316     | -17660.34766    
12/14/2025 23:32:17    1499   | -17660.14844    0.01562820002   0.03088703193    | -17660.13281    
12/14/2025 23:32:17    1500   | -17660.74023    0.005867902189  0.01826601103    | -17660.73438    
12/14/2025 23:32:17    1501   | -17660.57812    0.007818897255  0.03595057502    | -17660.57031    
12/14/2025 23:32:17    1502   | -17659.93359    0.01172301546   0.06100091338    | -17659.92188    
12/14/2025 23:32:18    1503   | -17660.53125    0.00197855942   0.02739615738    | -17660.5293     
12/14/2025 23:32:18    1504   | -17660.64453    0.01758096926   0.03399674222    | -17660.62695    
12/14/2025 23:32:18    1505   | -17660.65039    0.00197855942   0.02745037153    | -17660.65234    
12/14/2025 23:32:18    1506   | -17660.47461    0.01367553137   0.02855267376    | -17660.48828    
12/14/2025 23:32:18    1507   | -17660.48633    0.01172301546   0.02297084592    | -17660.49805    
12/14/2025 23:32:18    1508   | -17660.67969    0.01758096926   0.02652374655    | -17660.69727    
12/14/2025 23:32:18    1509   | -17660.53125    0.003919029143  0.03382739425    | -17660.53516    
12/14/2025 23:32:18    1510   | -17660.59961    0.007818897255  0.02463636361    | -17660.5918     
12/14/2025 23:32:18    1511   | -17660.67773    0.005867902189  0.04211034998    | -17660.67188    
12/14/2025 23:32:18    1512   | -17660.22656    0.01562820002   0.03722632304    | -17660.21094    
12/14/2025 23:32:18    1513   | -17660.35547    0.009770743549  0.02604294568    | -17660.3457     
12/14/2025 23:32:18    1514   | -17660.72266    0.003919029143  0.02487413958    | -17660.71875    
12/14/2025 23:32:18    1515   | -17660.61719    0.01562820002   0.01960735396    | -17660.60156    
12/14/2025 23:32:18    1516   | -17660.70312    0.005867902189  0.020441873      | -17660.69727    
12/14/2025 23:32:18    1517   | -17660          0.00197855942   0.03271933645    | -17659.99805    
12/14/2025 23:32:18    1518   | -17660.20508    0.007818897255  0.0332256332     | -17660.19727    
12/14/2025 23:32:18    1519   | -17660.39258    0.00197855942   0.03257115185    | -17660.39453    
12/14/2025 23:32:18    1520   | -17660.44531    0.00197855942   0.02499394864    | -17660.44336    
12/14/2025 23:32:18    1521   | -17660.19531    0.007818897255  0.02336053178    | -17660.1875     
12/14/2025 23:32:18    1522   | -17660.48828    0.007818897255  0.02496743388    | -17660.49609    
12/14/2025 23:32:18    1523   | -17660.36914    0.02148670144   0.03552240506    | -17660.34766    
12/14/2025 23:32:18    1524   | -17660.33008    0.01562820002   0.03309567645    | -17660.3457     
12/14/2025 23:32:18    1525   | -17660.32227    0.007818897255  0.02748627774    | -17660.33008    
12/14/2025 23:32:18    1526   | -17660.35938    0.005867902189  0.02673116513    | -17660.35352    
12/14/2025 23:32:18    1527   | -17660.35156    0.01172301546   0.02843046933    | -17660.33984    
12/14/2025 23:32:18    1528   | -17660.66602    0.01367553137   0.02379594371    | -17660.65234    
12/14/2025 23:32:18    1529   | -17660.49414    0.00197855942   0.03366407752    | -17660.49609    
12/14/2025 23:32:18    1530   | -17660.57812    0.003919029143  0.02222882584    | -17660.57422    
12/14/2025 23:32:18    1531   | -17660.6543     0.0003162277571 0.02602435276    | -17660.6543     
12/14/2025 23:32:18    1532   | -17660.63086    0.003919029143  0.03076571412    | -17660.63477    
12/14/2025 23:32:19    1533   | -17660.62695    0.01172301546   0.02626259066    | -17660.61523    
12/14/2025 23:32:19    1534   | -17660.84766    0.009770743549  0.02141309157    | -17660.83789    
12/14/2025 23:32:19    1535   | -17660.18555    0.005867902189  0.02537931129    | -17660.17969    
12/14/2025 23:32:19    1536   | -17660.4668     0.0003162277571 0.02463742346    | -17660.4668     
12/14/2025 23:32:19    1537   | -17660.375      0.0003162277571 0.03307632357    | -17660.375      
12/14/2025 23:32:19    1538   | -17660.46094    0.01367553137   0.02860463597    | -17660.44727    
12/14/2025 23:32:19    1539   | -17660.28125    0.01172301546   0.02863175981    | -17660.26953    
12/14/2025 23:32:19    1540   | -17660.49414    0.009770743549  0.03216495737    | -17660.48438    
12/14/2025 23:32:19    1541   | -17660.44922    0.007818897255  0.02403610758    | -17660.44141    
12/14/2025 23:32:19    1542   | -17660.4668     0.009770743549  0.03250610083    | -17660.45703    
12/14/2025 23:32:19    1543   | -17660.11133    0.00197855942   0.02769247256    | -17660.10938    
12/14/2025 23:32:19    1544   | -17660.37891    0.01172301546   0.03497952595    | -17660.36719    
12/14/2025 23:32:19    1545   | -17660.62891    0.005867902189  0.02392048016    | -17660.62305    
12/14/2025 23:32:19    1546   | -17660.46289    0.005867902189  0.02555052377    | -17660.45703    
12/14/2025 23:32:19    1547   | -17660.41406    0.009770743549  0.0280905664     | -17660.4043     
12/14/2025 23:32:19    1548   | -17660.5293     0.0003162277571 0.02426937781    | -17660.5293     
12/14/2025 23:32:19    1549   | -17660.47461    0.005867902189  0.02686810121    | -17660.48047    
12/14/2025 23:32:19    1550   | -17660.01562    0.01367553137   0.03463258594    | -17660.0293     
12/14/2025 23:32:19    1551   | -17660.33594    0.02148670144   0.03312356025    | -17660.35742    
12/14/2025 23:32:19    1552   | -17660.14453    0.01172301546   0.02946799435    | -17660.15625    
12/14/2025 23:32:19    1553   | -17660.56641    0.01758096926   0.03478839993    | -17660.58398    
12/14/2025 23:32:19    1554   | -17660.63281    0.005867902189  0.0259945076     | -17660.63867    
12/14/2025 23:32:19    1555   | -17660.55469    0.01172301546   0.0277803205     | -17660.54297    
12/14/2025 23:32:19    1556   | -17660.41211    0.00197855942   0.02724345215    | -17660.41016    
12/14/2025 23:32:19    1557   | -17660.57812    0.009770743549  0.02355892584    | -17660.58789    
12/14/2025 23:32:19    1558   | -17660.30859    0.01172301546   0.02969622612    | -17660.29688    
12/14/2025 23:32:19    1559   | -17660.43164    0.003919029143  0.02197130397    | -17660.42773    
12/14/2025 23:32:19    1560   | -17660.47461    0.00197855942   0.02373551764    | -17660.47656    
12/14/2025 23:32:19    1561   | -17660.29297    0.02539259382   0.04165159538    | -17660.31836    
12/14/2025 23:32:19    1562   | -17660.28125    0.01758096926   0.03309987485    | -17660.29883    
12/14/2025 23:32:20    1563   | -17660.47266    0.02929858118   0.02564500459    | -17660.50195    
12/14/2025 23:32:20    1564   | -17660.42578    0.01562820002   0.03459633887    | -17660.44141    
12/14/2025 23:32:20    1565   | -17660.43945    0.005867902189  0.03288958967    | -17660.44531    
12/14/2025 23:32:20    1566   | -17660.21094    0.01367553137   0.03504099324    | -17660.22461    
12/14/2025 23:32:20    1567   | -17660.4375     0.03320463002   0.03289552778    | -17660.4707     
12/14/2025 23:32:20    1568   | -17660.4375     0.01562820002   0.03161045536    | -17660.45312    
12/14/2025 23:32:20    1569   | -17660.43945    0.01953380927   0.03548339382    | -17660.45898    
12/14/2025 23:32:20    1570   | -17660.28516    0.02343963273   0.03595858067    | -17660.30859    
12/14/2025 23:32:20    1571   | -17660.19922    0.02343963273   0.03660216555    | -17660.22266    
12/14/2025 23:32:20    1572   | -17660.52148    0.009770743549  0.02872775681    | -17660.53125    
12/14/2025 23:32:20    1573   | -17660.23438    0.005867902189  0.03730798885    | -17660.22852    
12/14/2025 23:32:20    1574   | -17660.22656    0.01367553137   0.04187632725    | -17660.24023    
12/14/2025 23:32:20    1575   | -17660.29102    0.02734557912   0.02750354819    | -17660.31836    
12/14/2025 23:32:20    1576   | -17660.17188    0.009770743549  0.04478888586    | -17660.18164    
12/14/2025 23:32:20    1577   | -17660.29297    0.01562820002   0.03220235556    | -17660.30859    
12/14/2025 23:32:20    1578   | -17660.57812    0.02539259382   0.03006881475    | -17660.60352    
12/14/2025 23:32:20    1579   | -17660.05469    0.01953380927   0.05486985296    | -17660.07422    
12/14/2025 23:32:20    1580   | -17660.29102    0.01562820002   0.03505372629    | -17660.30664    
12/14/2025 23:32:20    1581   | -17660.57227    0.02539259382   0.02918887138    | -17660.59766    
12/14/2025 23:32:20    1582   | -17660.42188    0.02343963273   0.02840235271    | -17660.44531    
12/14/2025 23:32:20    1583   | -17660.76172    0.02148670144   0.0316995047     | -17660.7832     
12/14/2025 23:32:20    1584   | -17660.48828    0.009770743549  0.03951935098    | -17660.47852    
12/14/2025 23:32:20    1585   | -17660.11914    0.005867902189  0.03042134643    | -17660.125      
12/14/2025 23:32:20    1586   | -17660.3457     0.009770743549  0.02939648554    | -17660.35547    
12/14/2025 23:32:20    1587   | -17660.52148    0.005867902189  0.02891315147    | -17660.52734    
12/14/2025 23:32:20    1588   | -17660.28906    0.01172301546   0.02956474014    | -17660.30078    
12/14/2025 23:32:20    1589   | -17660.57617    0.009770743549  0.02678319067    | -17660.58594    
12/14/2025 23:32:20    1590   | -17660.50781    0.007818897255  0.02224904671    | -17660.51562    
12/14/2025 23:32:20    1591   | -17660.29883    0.01172301546   0.03249887004    | -17660.31055    
12/14/2025 23:32:20    1592   | -17660.52148    0.003919029143  0.02469479293    | -17660.51758    
12/14/2025 23:32:20    1593   | -17660.60352    0.00197855942   0.02209945023    | -17660.60156    
12/14/2025 23:32:21    1594   | -17660.58203    0.00197855942   0.01669571362    | -17660.58398    
12/14/2025 23:32:21    1595   | -17660.41602    0.0003162277571 0.02199800871    | -17660.41602    
12/14/2025 23:32:21    1596   | -17660.57227    0.009770743549  0.02117092162    | -17660.58203    
12/14/2025 23:32:21    1597   | -17660.65625    0.00197855942   0.02538350783    | -17660.6543     
12/14/2025 23:32:21    1598   | -17660.47852    0.003919029143  0.03031917848    | -17660.47461    
12/14/2025 23:32:21    1599   | -17660.375      0.00197855942   0.02645886317    | -17660.37695    
12/14/2025 23:32:21    1600   | -17660.32031    0.007818897255  0.0333551541     | -17660.3125     
12/14/2025 23:32:21    1601   | -17660.58984    0.00197855942   0.01900244132    | -17660.5918     
12/14/2025 23:32:21    1602   | -17660.46875    0.00197855942   0.02570371516    | -17660.4668     
12/14/2025 23:32:21    1603   | -17660.51562    0.01367553137   0.02435399778    | -17660.50195    
12/14/2025 23:32:21    1604   | -17660.36719    0.003919029143  0.03006035462    | -17660.36328    
12/14/2025 23:32:21    1605   | -17660.20312    0.01172301546   0.03633951768    | -17660.21484    
12/14/2025 23:32:21    1606   | -17660.6582     0.00197855942   0.02932518534    | -17660.65625    
12/14/2025 23:32:21    1607   | -17660.4375     0.009770743549  0.03160013258    | -17660.44727    
12/14/2025 23:32:21    1608   | -17660.58789    0.00197855942   0.02681972645    | -17660.58984    
12/14/2025 23:32:21    1609   | -17660.41797    0.003919029143  0.02504157089    | -17660.41406    
12/14/2025 23:32:21    1610   | -17660.58594    0.003919029143  0.02639674954    | -17660.58984    
12/14/2025 23:32:21    1611   | -17660.48438    0.005867902189  0.0213241186     | -17660.47852    
12/14/2025 23:32:21    1612   | -17660.33984    0.003919029143  0.02874754369    | -17660.33594    
12/14/2025 23:32:21    1613   | -17660.35742    0.02343963273   0.0276933331     | -17660.38086    
12/14/2025 23:32:21    1614   | -17660.28711    0.01172301546   0.02983969823    | -17660.29883    
12/14/2025 23:32:21    1615   | -17660.45703    0.00197855942   0.02660852484    | -17660.45898    
12/14/2025 23:32:21    1616   | -17660.65625    0.00197855942   0.02467458695    | -17660.6582     
12/14/2025 23:32:21    1617   | -17660.55273    0.02148670144   0.03126991913    | -17660.53125    
12/14/2025 23:32:21    1618   | -17660.45117    0.01172301546   0.02778956853    | -17660.43945    
12/14/2025 23:32:21    1619   | -17660.43359    0.007818897255  0.02502862178    | -17660.44141    
12/14/2025 23:32:21    1620   | -17660.46289    0.01758096926   0.02441728488    | -17660.44531    
12/14/2025 23:32:22    1621   | -17660.50781    0.009770743549  0.0236310102     | -17660.49805    
12/14/2025 23:32:22    1622   | -17660.14648    0.01758096926   0.02353654429    | -17660.12891    
12/14/2025 23:32:22    1623   | -17660.41016    0.005867902189  0.04621881619    | -17660.4043     
12/14/2025 23:32:22    1624   | -17660.06445    0.009770743549  0.04129093513    | -17660.07422    
12/14/2025 23:32:22    1625   | -17660.5293     0.007818897255  0.02902637608    | -17660.53711    
12/14/2025 23:32:22    1626   | -17660.51758    0.00197855942   0.02675807662    | -17660.51953    
12/14/2025 23:32:22    1627   | -17660.49609    0.00197855942   0.02073301561    | -17660.49414    
12/14/2025 23:32:22    1628   | -17660.53711    0.01172301546   0.02818661556    | -17660.52539    
12/14/2025 23:32:22    1629   | -17660.5625     0.005867902189  0.02267141268    | -17660.55664    
12/14/2025 23:32:22    1630   | -17660.35742    0.00197855942   0.03307694942    | -17660.35547    
12/14/2025 23:32:22    1631   | -17660.55273    0.003919029143  0.03519945592    | -17660.54883    
12/14/2025 23:32:22    1632   | -17660.44922    0.009770743549  0.02549344674    | -17660.43945    
12/14/2025 23:32:22    1633   | -17660.28711    0.007818897255  0.0303891208     | -17660.2793     
12/14/2025 23:32:22    1634   | -17660.50586    0.01562820002   0.02712939493    | -17660.49023    
12/14/2025 23:32:22    1635   | -17660.24219    0.005867902189  0.03322036564    | -17660.23633    
12/14/2025 23:32:22    1636   | -17660.09766    0.0003162277571 0.03154300153    | -17660.09766    
12/14/2025 23:32:22    1637   | -17660.61914    0.005867902189  0.02377000451    | -17660.61328    
12/14/2025 23:32:22    1638   | -17660.48633    0.007818897255  0.02495327778    | -17660.47852    
12/14/2025 23:32:22    1639   | -17660.12891    0.00197855942   0.03581136093    | -17660.13086    
12/14/2025 23:32:22    1640   | -17660.51953    0.00197855942   0.02289363742    | -17660.51758    
12/14/2025 23:32:22    1641   | -17660.63281    0.0003162277571 0.02567152493    | -17660.63281    
12/14/2025 23:32:22    1642   | -17660.27148    0.00197855942   0.02679162845    | -17660.26953    
12/14/2025 23:32:22    1643   | -17660.63867    0.003919029143  0.02120275982    | -17660.64258    
12/14/2025 23:32:22    1644   | -17660.45312    0.00197855942   0.02425172925    | -17660.45508    
12/14/2025 23:32:22    1645   | -17660.40625    0.00197855942   0.02142139152    | -17660.4043     
12/14/2025 23:32:22    1646   | -17660.07422    0.02734557912   0.0420540534     | -17660.04688    
12/14/2025 23:32:22    1647   | -17660.48242    0.01562820002   0.03011436015    | -17660.49805    
12/14/2025 23:32:22    1648   | -17660.23633    0.007818897255  0.03298239037    | -17660.24414    
12/14/2025 23:32:22    1649   | -17660.35938    0.02539259382   0.0396197401     | -17660.33398    
12/14/2025 23:32:22    1650   | -17660.61719    0.009770743549  0.0408314541     | -17660.62695    
12/14/2025 23:32:23    1651   | -17660.5        0.02343963273   0.02767323144    | -17660.52344    
12/14/2025 23:32:23    1652   | -17660.42188    0.01172301546   0.03202535212    | -17660.43359    
12/14/2025 23:32:23    1653   | -17660.26172    0.02343963273   0.03629186377    | -17660.28516    
12/14/2025 23:32:23    1654   | -17660.1875     0.01367553137   0.03887508065    | -17660.20117    
12/14/2025 23:32:23    1655   | -17660.49805    0.01367553137   0.03358521685    | -17660.51172    
12/14/2025 23:32:23    1656   | -17660.58203    0.009770743549  0.03049508482    | -17660.5918     
12/14/2025 23:32:23    1657   | -17660.30664    0.01172301546   0.03520330787    | -17660.31836    
12/14/2025 23:32:23    1658   | -17660.37695    0.02929858118   0.04690732062    | -17660.40625    
12/14/2025 23:32:23    1659   | -17660.50195    0.02734557912   0.02911360376    | -17660.5293     
12/14/2025 23:32:23    1660   | -17660.4707     0.02929858118   0.03536005691    | -17660.5        
12/14/2025 23:32:23    1661   | -17660.13281    0.01172301546   0.04151639715    | -17660.14453    
12/14/2025 23:32:23    1662   | -17660.40625    0.009770743549  0.0379604511     | -17660.41602    
12/14/2025 23:32:23    1663   | -17660.24023    0.02148670144   0.04357718676    | -17660.26172    
12/14/2025 23:32:23    1664   | -17660.2207     0.0003162277571 0.03395373747    | -17660.2207     
12/14/2025 23:32:23    1665   | -17660.20508    0.04296991229   0.04333420843    | -17660.24805    
12/14/2025 23:32:23    1666   | -17660.32812    0.02734557912   0.03723754734    | -17660.35547    
12/14/2025 23:32:23    1667   | -17660.37891    0.01367553137   0.02539615147    | -17660.39258    
12/14/2025 23:32:23    1668   | -17660.0957     0.005867902189  0.0508213155     | -17660.10156    
------------------------------------------------------------------------------------------------------
MEAN_LOSS(E): 0.012019   
MEAN_LOSS(F): 0.031057   
------------------------------------------------------------------------------------------------------

* NUMBER OF PARAMETERS: 
 - MODEL(TOTAL)   358592
 --- HIDDEN.      32x0e+16x1o+8x2e
 --- FEATS. DIM.  64
 --- RADI. BASIS. 8

* SEED NUMBER:
 - DATA_SEED      10
 - INIT_SEED      11

* DATA INFO:
 - N(TRAIN)       450
 - N(VALID)       50
 - BATCH          1
 - CUTOFF         6.0
 - AVG. NEIGH.    26

* ELAPSED TIME:
 - 0 DAYS, 0 HOURS, 0 MINUTES, and 59 SECONDS
 -- DAYS          0.00068287037  
 -- HOURS         0.0163888889   
 -- MINUTES       0.983333333    
 -- SECONDS       59             

------------------------------------------------------------------------------------------------------
 
{'NN': {'data_seed': 10,
        'enr_lambda': 1,
        'fname_pkl': 'model.pkl',
        'frc_lambda': 100,
        'init_seed': 11,
        'l2_lambda': 0.0,
        'learning_rate': 0.01,
        'loss_config': {'energy_loss': 'rmse', 'force_loss': 'rmse'},
        'nepoch': 100,
        'nsave': 5,
        'restart': False,
        'weight_decay': 0},
 'active_fn': 'identity',
 'avg_num_neighbors': 26,
 'cueq_config': False,
 'cutoff': 6.0,
 'device': 'gpu',
 'element': 'auto',
 'features_dim': 64,
 'fname_traj': '../dataset/train_300K.xyz',
 'gpu-parallel': False,
 'hidden_channels': '32x0e+16x1o+8x2e',
 'log_config': {'lr': ['lr'],
                'step': ['date', 'epoch'],
                'train': ['loss', 'loss_e', 'loss_f'],
                'valid': ['loss', 'loss_e', 'loss_f']},
 'log_interval': 2,
 'log_length': 'simple',
 'max_ell': 2,
 'model': 'race',
 'nbatch': 1,
 'nlayers': 3,
 'ntrain': 450,
 'num_radial_basis': 8,
 'num_species': 4,
 'nvalid': 50,
 'output_channels': '1x0e',
 'pbc': True,
 'predict': {'evaluate_tag': True,
             'fname_plog': 'predict.out',
             'fname_traj': '../dataset/test_300K.xyz',
             'loss_config': {'energy_loss': 'rmse', 'force_loss': 'rmse'},
             'model': 'model.pkl',
             'ndata': '../dataset/test_300K.xyz'},
 'regress_forces': True,
 'scheduler': {'decay_factor': 0.9,
               'lr_gamma': 0.1,
               'max_steps': 30,
               'patience': 50,
               'scheduler': 'ReduceLROnPlateau',
               'threshold': 0.0001,
               'warmup_factor': 0.2,
               'warmup_steps': 10},
 'train': {'fname_log': 'loss_train.out'},
 'trainer': 'base'}
